--------------------------------------------------------
-- Archivo creado  - lunes-enero-16-2023   
--------------------------------------------------------
--------------------------------------------------------
--  DDL for Sequence AUDIT_TABLE_SEQ
--------------------------------------------------------

   CREATE SEQUENCE  "UBD3707"."AUDIT_TABLE_SEQ"  MINVALUE 1 MAXVALUE 9999999999999999999999999999 INCREMENT BY 1 START WITH 601 CACHE 20 NOORDER  NOCYCLE  NOKEEP  NOSCALE  GLOBAL ;
--------------------------------------------------------
--  DDL for Sequence COMPRA_SEQ
--------------------------------------------------------

   CREATE SEQUENCE  "UBD3707"."COMPRA_SEQ"  MINVALUE 1 MAXVALUE 9999999999999999999999999999 INCREMENT BY 1 START WITH 21 CACHE 20 NOORDER  NOCYCLE  NOKEEP  NOSCALE  GLOBAL ;
--------------------------------------------------------
--  DDL for Sequence DELITOS_SEQ
--------------------------------------------------------

   CREATE SEQUENCE  "UBD3707"."DELITOS_SEQ"  MINVALUE 1 MAXVALUE 9999999999999999999999999999 INCREMENT BY 1 START WITH 1 CACHE 20 NOORDER  NOCYCLE  NOKEEP  NOSCALE  GLOBAL ;
--------------------------------------------------------
--  DDL for Sequence TIPO_DELITO_SEQ
--------------------------------------------------------

   CREATE SEQUENCE  "UBD3707"."TIPO_DELITO_SEQ"  MINVALUE 1 MAXVALUE 9999999999999999999999999999 INCREMENT BY 1 START WITH 1 CACHE 20 NOORDER  NOCYCLE  NOKEEP  NOSCALE  GLOBAL ;
--------------------------------------------------------
--  DDL for Sequence TURNO_SEQ
--------------------------------------------------------

   CREATE SEQUENCE  "UBD3707"."TURNO_SEQ"  MINVALUE 1 MAXVALUE 9999999999999999999999999999 INCREMENT BY 1 START WITH 301 CACHE 20 NOORDER  NOCYCLE  NOKEEP  NOSCALE  GLOBAL ;
--------------------------------------------------------
--  DDL for Table ZONA_ACTIVIDADES
--------------------------------------------------------

  CREATE TABLE "UBD3707"."ZONA_ACTIVIDADES" 
   (	"ID_ZONA" NUMBER(*,0), 
	"COD_CARCEL" NUMBER(*,0), 
	"AFORO_MAX" NUMBER(*,0), 
	"TIPO" VARCHAR2(10 BYTE)
   ) SEGMENT CREATION IMMEDIATE 
  PCTFREE 10 PCTUSED 40 INITRANS 1 MAXTRANS 255 
 NOCOMPRESS LOGGING
  STORAGE(INITIAL 65536 NEXT 1048576 MINEXTENTS 1 MAXEXTENTS 2147483645
  PCTINCREASE 0 FREELISTS 1 FREELIST GROUPS 1
  BUFFER_POOL DEFAULT FLASH_CACHE DEFAULT CELL_FLASH_CACHE DEFAULT)
  TABLESPACE "TS_ALUMNOS"   NO INMEMORY ;
  GRANT DELETE ON "UBD3707"."ZONA_ACTIVIDADES" TO "UBD3710";
  GRANT INSERT ON "UBD3707"."ZONA_ACTIVIDADES" TO "UBD3710";
  GRANT SELECT ON "UBD3707"."ZONA_ACTIVIDADES" TO "UBD3710";
  GRANT UPDATE ON "UBD3707"."ZONA_ACTIVIDADES" TO "UBD3710";
  GRANT DELETE ON "UBD3707"."ZONA_ACTIVIDADES" TO "UBD3722";
  GRANT INSERT ON "UBD3707"."ZONA_ACTIVIDADES" TO "UBD3722";
  GRANT SELECT ON "UBD3707"."ZONA_ACTIVIDADES" TO "UBD3722";
  GRANT UPDATE ON "UBD3707"."ZONA_ACTIVIDADES" TO "UBD3722";
--------------------------------------------------------
--  DDL for Table AUDIT_TABLE
--------------------------------------------------------

  CREATE TABLE "UBD3707"."AUDIT_TABLE" 
   (	"ID" NUMBER, 
	"USUARIO" VARCHAR2(20 BYTE), 
	"TIPO" VARCHAR2(20 BYTE), 
	"TABLA" VARCHAR2(30 BYTE)
   ) SEGMENT CREATION IMMEDIATE 
  PCTFREE 10 PCTUSED 40 INITRANS 1 MAXTRANS 255 
 NOCOMPRESS LOGGING
  STORAGE(INITIAL 65536 NEXT 1048576 MINEXTENTS 1 MAXEXTENTS 2147483645
  PCTINCREASE 0 FREELISTS 1 FREELIST GROUPS 1
  BUFFER_POOL DEFAULT FLASH_CACHE DEFAULT CELL_FLASH_CACHE DEFAULT)
  TABLESPACE "TS_ALUMNOS"   NO INMEMORY ;
  GRANT DELETE ON "UBD3707"."AUDIT_TABLE" TO "UBD3710";
  GRANT INSERT ON "UBD3707"."AUDIT_TABLE" TO "UBD3710";
  GRANT SELECT ON "UBD3707"."AUDIT_TABLE" TO "UBD3710";
  GRANT UPDATE ON "UBD3707"."AUDIT_TABLE" TO "UBD3710";
  GRANT DELETE ON "UBD3707"."AUDIT_TABLE" TO "UBD3722";
  GRANT INSERT ON "UBD3707"."AUDIT_TABLE" TO "UBD3722";
  GRANT SELECT ON "UBD3707"."AUDIT_TABLE" TO "UBD3722";
  GRANT UPDATE ON "UBD3707"."AUDIT_TABLE" TO "UBD3722";
  GRANT DELETE ON "UBD3707"."AUDIT_TABLE" TO "UBD3716";
  GRANT INSERT ON "UBD3707"."AUDIT_TABLE" TO "UBD3716";
  GRANT SELECT ON "UBD3707"."AUDIT_TABLE" TO "UBD3716";
  GRANT UPDATE ON "UBD3707"."AUDIT_TABLE" TO "UBD3716";
--------------------------------------------------------
--  DDL for Table CARCEL
--------------------------------------------------------

  CREATE TABLE "UBD3707"."CARCEL" 
   (	"COD_CARCEL" NUMBER(*,0), 
	"NOMBRE" VARCHAR2(20 BYTE), 
	"EMAIL" VARCHAR2(30 BYTE), 
	"TELEFONO" NUMBER(*,0), 
	"DIRECCION" VARCHAR2(30 BYTE)
   ) SEGMENT CREATION IMMEDIATE 
  PCTFREE 10 PCTUSED 40 INITRANS 1 MAXTRANS 255 
 NOCOMPRESS LOGGING
  STORAGE(INITIAL 65536 NEXT 1048576 MINEXTENTS 1 MAXEXTENTS 2147483645
  PCTINCREASE 0 FREELISTS 1 FREELIST GROUPS 1
  BUFFER_POOL DEFAULT FLASH_CACHE DEFAULT CELL_FLASH_CACHE DEFAULT)
  TABLESPACE "TS_ALUMNOS"   NO INMEMORY ;
  GRANT INSERT ON "UBD3707"."CARCEL" TO "UBD3710";
  GRANT SELECT ON "UBD3707"."CARCEL" TO "UBD3710";
  GRANT UPDATE ON "UBD3707"."CARCEL" TO "UBD3710";
  GRANT DELETE ON "UBD3707"."CARCEL" TO "UBD3710";
  GRANT INSERT ON "UBD3707"."CARCEL" TO "UBD3722";
  GRANT DELETE ON "UBD3707"."CARCEL" TO "UBD3722";
  GRANT SELECT ON "UBD3707"."CARCEL" TO "UBD3722";
  GRANT UPDATE ON "UBD3707"."CARCEL" TO "UBD3722";
  GRANT DELETE ON "UBD3707"."CARCEL" TO "UBD3716";
  GRANT INSERT ON "UBD3707"."CARCEL" TO "UBD3716";
  GRANT SELECT ON "UBD3707"."CARCEL" TO "UBD3716";
  GRANT UPDATE ON "UBD3707"."CARCEL" TO "UBD3716";
--------------------------------------------------------
--  DDL for Table CELDA
--------------------------------------------------------

  CREATE TABLE "UBD3707"."CELDA" 
   (	"OCUPANTES_MAX" NUMBER(*,0), 
	"ID_CELDA" NUMBER(*,0), 
	"PLANTA" NUMBER(*,0), 
	"ID_MODULO" NUMBER(*,0)
   ) SEGMENT CREATION IMMEDIATE 
  PCTFREE 10 PCTUSED 40 INITRANS 1 MAXTRANS 255 
 NOCOMPRESS LOGGING
  STORAGE(INITIAL 65536 NEXT 1048576 MINEXTENTS 1 MAXEXTENTS 2147483645
  PCTINCREASE 0 FREELISTS 1 FREELIST GROUPS 1
  BUFFER_POOL DEFAULT FLASH_CACHE DEFAULT CELL_FLASH_CACHE DEFAULT)
  TABLESPACE "TS_ALUMNOS"   NO INMEMORY ;
  GRANT DELETE ON "UBD3707"."CELDA" TO "UBD3710";
  GRANT INSERT ON "UBD3707"."CELDA" TO "UBD3710";
  GRANT SELECT ON "UBD3707"."CELDA" TO "UBD3710";
  GRANT UPDATE ON "UBD3707"."CELDA" TO "UBD3710";
  GRANT DELETE ON "UBD3707"."CELDA" TO "UBD3722";
  GRANT INSERT ON "UBD3707"."CELDA" TO "UBD3722";
  GRANT SELECT ON "UBD3707"."CELDA" TO "UBD3722";
  GRANT UPDATE ON "UBD3707"."CELDA" TO "UBD3722";
  GRANT DELETE ON "UBD3707"."CELDA" TO "UBD3716";
  GRANT INSERT ON "UBD3707"."CELDA" TO "UBD3716";
  GRANT SELECT ON "UBD3707"."CELDA" TO "UBD3716";
  GRANT UPDATE ON "UBD3707"."CELDA" TO "UBD3716";
--------------------------------------------------------
--  DDL for Table COCINERO
--------------------------------------------------------

  CREATE TABLE "UBD3707"."COCINERO" 
   (	"NIF" VARCHAR2(9 BYTE)
   ) SEGMENT CREATION IMMEDIATE 
  PCTFREE 10 PCTUSED 40 INITRANS 1 MAXTRANS 255 
 NOCOMPRESS LOGGING
  STORAGE(INITIAL 65536 NEXT 1048576 MINEXTENTS 1 MAXEXTENTS 2147483645
  PCTINCREASE 0 FREELISTS 1 FREELIST GROUPS 1
  BUFFER_POOL DEFAULT FLASH_CACHE DEFAULT CELL_FLASH_CACHE DEFAULT)
  TABLESPACE "TS_ALUMNOS"   NO INMEMORY ;
  GRANT DELETE ON "UBD3707"."COCINERO" TO "UBD3710";
  GRANT INSERT ON "UBD3707"."COCINERO" TO "UBD3710";
  GRANT SELECT ON "UBD3707"."COCINERO" TO "UBD3710";
  GRANT UPDATE ON "UBD3707"."COCINERO" TO "UBD3710";
  GRANT DELETE ON "UBD3707"."COCINERO" TO "UBD3722";
  GRANT INSERT ON "UBD3707"."COCINERO" TO "UBD3722";
  GRANT SELECT ON "UBD3707"."COCINERO" TO "UBD3722";
  GRANT UPDATE ON "UBD3707"."COCINERO" TO "UBD3722";
  GRANT DELETE ON "UBD3707"."COCINERO" TO "UBD3716";
  GRANT INSERT ON "UBD3707"."COCINERO" TO "UBD3716";
  GRANT SELECT ON "UBD3707"."COCINERO" TO "UBD3716";
  GRANT UPDATE ON "UBD3707"."COCINERO" TO "UBD3716";
--------------------------------------------------------
--  DDL for Table COMPRA
--------------------------------------------------------

  CREATE TABLE "UBD3707"."COMPRA" 
   (	"RECLUSO_NIF" VARCHAR2(9 BYTE), 
	"ID_PRODUCTO" NUMBER(*,0), 
	"FECHA_DE_COMPRA" DATE, 
	"CANTIDAD" NUMBER(*,0), 
	"COD_COMPRA" NUMBER
   ) SEGMENT CREATION IMMEDIATE 
  PCTFREE 10 PCTUSED 40 INITRANS 1 MAXTRANS 255 
 NOCOMPRESS LOGGING
  STORAGE(INITIAL 65536 NEXT 1048576 MINEXTENTS 1 MAXEXTENTS 2147483645
  PCTINCREASE 0 FREELISTS 1 FREELIST GROUPS 1
  BUFFER_POOL DEFAULT FLASH_CACHE DEFAULT CELL_FLASH_CACHE DEFAULT)
  TABLESPACE "TS_ALUMNOS"   NO INMEMORY ;
  GRANT DELETE ON "UBD3707"."COMPRA" TO "UBD3710";
  GRANT INSERT ON "UBD3707"."COMPRA" TO "UBD3710";
  GRANT SELECT ON "UBD3707"."COMPRA" TO "UBD3710";
  GRANT UPDATE ON "UBD3707"."COMPRA" TO "UBD3710";
  GRANT DELETE ON "UBD3707"."COMPRA" TO "UBD3722";
  GRANT INSERT ON "UBD3707"."COMPRA" TO "UBD3722";
  GRANT SELECT ON "UBD3707"."COMPRA" TO "UBD3722";
  GRANT UPDATE ON "UBD3707"."COMPRA" TO "UBD3722";
  GRANT DELETE ON "UBD3707"."COMPRA" TO "UBD3716";
  GRANT INSERT ON "UBD3707"."COMPRA" TO "UBD3716";
  GRANT SELECT ON "UBD3707"."COMPRA" TO "UBD3716";
  GRANT UPDATE ON "UBD3707"."COMPRA" TO "UBD3716";
--------------------------------------------------------
--  DDL for Table DELITOS
--------------------------------------------------------

  CREATE TABLE "UBD3707"."DELITOS" 
   (	"NIF" VARCHAR2(9 BYTE), 
	"TIPO_DELITO" NUMBER, 
	"ID" NUMBER, 
	"FECHA_DELITO" DATE
   ) SEGMENT CREATION IMMEDIATE 
  PCTFREE 10 PCTUSED 40 INITRANS 1 MAXTRANS 255 
 NOCOMPRESS LOGGING
  STORAGE(INITIAL 65536 NEXT 1048576 MINEXTENTS 1 MAXEXTENTS 2147483645
  PCTINCREASE 0 FREELISTS 1 FREELIST GROUPS 1
  BUFFER_POOL DEFAULT FLASH_CACHE DEFAULT CELL_FLASH_CACHE DEFAULT)
  TABLESPACE "TS_ALUMNOS"   NO INMEMORY ;
  GRANT DELETE ON "UBD3707"."DELITOS" TO "UBD3716";
  GRANT INSERT ON "UBD3707"."DELITOS" TO "UBD3716";
  GRANT SELECT ON "UBD3707"."DELITOS" TO "UBD3716";
  GRANT UPDATE ON "UBD3707"."DELITOS" TO "UBD3716";
  GRANT DELETE ON "UBD3707"."DELITOS" TO "UBD3710";
  GRANT INSERT ON "UBD3707"."DELITOS" TO "UBD3710";
  GRANT SELECT ON "UBD3707"."DELITOS" TO "UBD3710";
  GRANT UPDATE ON "UBD3707"."DELITOS" TO "UBD3710";
  GRANT DELETE ON "UBD3707"."DELITOS" TO "UBD3722";
  GRANT INSERT ON "UBD3707"."DELITOS" TO "UBD3722";
  GRANT SELECT ON "UBD3707"."DELITOS" TO "UBD3722";
  GRANT UPDATE ON "UBD3707"."DELITOS" TO "UBD3722";
--------------------------------------------------------
--  DDL for Table ECONOMATO
--------------------------------------------------------

  CREATE TABLE "UBD3707"."ECONOMATO" 
   (	"COD_CARCEL" NUMBER(*,0), 
	"HORA_APERTURA" VARCHAR2(8 BYTE), 
	"HORA_CIERRE" VARCHAR2(8 BYTE)
   ) SEGMENT CREATION IMMEDIATE 
  PCTFREE 10 PCTUSED 40 INITRANS 1 MAXTRANS 255 
 NOCOMPRESS LOGGING
  STORAGE(INITIAL 65536 NEXT 1048576 MINEXTENTS 1 MAXEXTENTS 2147483645
  PCTINCREASE 0 FREELISTS 1 FREELIST GROUPS 1
  BUFFER_POOL DEFAULT FLASH_CACHE DEFAULT CELL_FLASH_CACHE DEFAULT)
  TABLESPACE "TS_ALUMNOS"   NO INMEMORY ;
  GRANT DELETE ON "UBD3707"."ECONOMATO" TO "UBD3710";
  GRANT INSERT ON "UBD3707"."ECONOMATO" TO "UBD3710";
  GRANT SELECT ON "UBD3707"."ECONOMATO" TO "UBD3710";
  GRANT UPDATE ON "UBD3707"."ECONOMATO" TO "UBD3710";
  GRANT DELETE ON "UBD3707"."ECONOMATO" TO "UBD3722";
  GRANT INSERT ON "UBD3707"."ECONOMATO" TO "UBD3722";
  GRANT SELECT ON "UBD3707"."ECONOMATO" TO "UBD3722";
  GRANT UPDATE ON "UBD3707"."ECONOMATO" TO "UBD3722";
  GRANT DELETE ON "UBD3707"."ECONOMATO" TO "UBD3716";
  GRANT INSERT ON "UBD3707"."ECONOMATO" TO "UBD3716";
  GRANT SELECT ON "UBD3707"."ECONOMATO" TO "UBD3716";
  GRANT UPDATE ON "UBD3707"."ECONOMATO" TO "UBD3716";
--------------------------------------------------------
--  DDL for Table EMPLEADO
--------------------------------------------------------

  CREATE TABLE "UBD3707"."EMPLEADO" 
   (	"TELEFONO" NUMBER(*,0), 
	"EUROS_HORA" FLOAT(126), 
	"EUROS_HORAS_NOCHE" FLOAT(126), 
	"COD_CARCEL" NUMBER(*,0), 
	"FECHA_CONTRATACION" DATE, 
	"NIF" VARCHAR2(9 BYTE), 
	"DIRIGIDO_POR" VARCHAR2(9 BYTE)
   ) SEGMENT CREATION IMMEDIATE 
  PCTFREE 10 PCTUSED 40 INITRANS 1 MAXTRANS 255 
 NOCOMPRESS LOGGING
  STORAGE(INITIAL 65536 NEXT 1048576 MINEXTENTS 1 MAXEXTENTS 2147483645
  PCTINCREASE 0 FREELISTS 1 FREELIST GROUPS 1
  BUFFER_POOL DEFAULT FLASH_CACHE DEFAULT CELL_FLASH_CACHE DEFAULT)
  TABLESPACE "TS_ALUMNOS"   NO INMEMORY ;
  GRANT DELETE ON "UBD3707"."EMPLEADO" TO "UBD3710";
  GRANT INSERT ON "UBD3707"."EMPLEADO" TO "UBD3710";
  GRANT SELECT ON "UBD3707"."EMPLEADO" TO "UBD3710";
  GRANT UPDATE ON "UBD3707"."EMPLEADO" TO "UBD3710";
  GRANT DELETE ON "UBD3707"."EMPLEADO" TO "UBD3722";
  GRANT INSERT ON "UBD3707"."EMPLEADO" TO "UBD3722";
  GRANT SELECT ON "UBD3707"."EMPLEADO" TO "UBD3722";
  GRANT UPDATE ON "UBD3707"."EMPLEADO" TO "UBD3722";
  GRANT DELETE ON "UBD3707"."EMPLEADO" TO "UBD3716";
  GRANT INSERT ON "UBD3707"."EMPLEADO" TO "UBD3716";
  GRANT SELECT ON "UBD3707"."EMPLEADO" TO "UBD3716";
  GRANT UPDATE ON "UBD3707"."EMPLEADO" TO "UBD3716";
--------------------------------------------------------
--  DDL for Table EMPRESA_EXTERNA
--------------------------------------------------------

  CREATE TABLE "UBD3707"."EMPRESA_EXTERNA" 
   (	"CIF" VARCHAR2(9 BYTE), 
	"NOMBRE" VARCHAR2(30 BYTE), 
	"DIRECCION_FISICA" VARCHAR2(30 BYTE)
   ) SEGMENT CREATION IMMEDIATE 
  PCTFREE 10 PCTUSED 40 INITRANS 1 MAXTRANS 255 
 NOCOMPRESS LOGGING
  STORAGE(INITIAL 65536 NEXT 1048576 MINEXTENTS 1 MAXEXTENTS 2147483645
  PCTINCREASE 0 FREELISTS 1 FREELIST GROUPS 1
  BUFFER_POOL DEFAULT FLASH_CACHE DEFAULT CELL_FLASH_CACHE DEFAULT)
  TABLESPACE "TS_ALUMNOS"   NO INMEMORY ;
  GRANT DELETE ON "UBD3707"."EMPRESA_EXTERNA" TO "UBD3710";
  GRANT INSERT ON "UBD3707"."EMPRESA_EXTERNA" TO "UBD3710";
  GRANT SELECT ON "UBD3707"."EMPRESA_EXTERNA" TO "UBD3710";
  GRANT UPDATE ON "UBD3707"."EMPRESA_EXTERNA" TO "UBD3710";
  GRANT DELETE ON "UBD3707"."EMPRESA_EXTERNA" TO "UBD3722";
  GRANT INSERT ON "UBD3707"."EMPRESA_EXTERNA" TO "UBD3722";
  GRANT SELECT ON "UBD3707"."EMPRESA_EXTERNA" TO "UBD3722";
  GRANT UPDATE ON "UBD3707"."EMPRESA_EXTERNA" TO "UBD3722";
  GRANT DELETE ON "UBD3707"."EMPRESA_EXTERNA" TO "UBD3716";
  GRANT INSERT ON "UBD3707"."EMPRESA_EXTERNA" TO "UBD3716";
  GRANT SELECT ON "UBD3707"."EMPRESA_EXTERNA" TO "UBD3716";
  GRANT UPDATE ON "UBD3707"."EMPRESA_EXTERNA" TO "UBD3716";
--------------------------------------------------------
--  DDL for Table GUARDIA
--------------------------------------------------------

  CREATE TABLE "UBD3707"."GUARDIA" 
   (	"NIF" VARCHAR2(9 BYTE), 
	"NUM_PLACA" NUMBER
   ) SEGMENT CREATION IMMEDIATE 
  PCTFREE 10 PCTUSED 40 INITRANS 1 MAXTRANS 255 
 NOCOMPRESS LOGGING
  STORAGE(INITIAL 65536 NEXT 1048576 MINEXTENTS 1 MAXEXTENTS 2147483645
  PCTINCREASE 0 FREELISTS 1 FREELIST GROUPS 1
  BUFFER_POOL DEFAULT FLASH_CACHE DEFAULT CELL_FLASH_CACHE DEFAULT)
  TABLESPACE "TS_ALUMNOS"   NO INMEMORY ;
  GRANT DELETE ON "UBD3707"."GUARDIA" TO "UBD3710";
  GRANT INSERT ON "UBD3707"."GUARDIA" TO "UBD3710";
  GRANT SELECT ON "UBD3707"."GUARDIA" TO "UBD3710";
  GRANT UPDATE ON "UBD3707"."GUARDIA" TO "UBD3710";
  GRANT DELETE ON "UBD3707"."GUARDIA" TO "UBD3722";
  GRANT INSERT ON "UBD3707"."GUARDIA" TO "UBD3722";
  GRANT SELECT ON "UBD3707"."GUARDIA" TO "UBD3722";
  GRANT UPDATE ON "UBD3707"."GUARDIA" TO "UBD3722";
  GRANT DELETE ON "UBD3707"."GUARDIA" TO "UBD3716";
  GRANT INSERT ON "UBD3707"."GUARDIA" TO "UBD3716";
  GRANT SELECT ON "UBD3707"."GUARDIA" TO "UBD3716";
  GRANT UPDATE ON "UBD3707"."GUARDIA" TO "UBD3716";
--------------------------------------------------------
--  DDL for Table INGRESO_EGRESO
--------------------------------------------------------

  CREATE TABLE "UBD3707"."INGRESO_EGRESO" 
   (	"NIF" VARCHAR2(9 BYTE), 
	"COD_CARCEL" NUMBER, 
	"FECHA_ENTRADA" DATE, 
	"FECHA_SALIDA" DATE
   ) SEGMENT CREATION IMMEDIATE 
  PCTFREE 10 PCTUSED 40 INITRANS 1 MAXTRANS 255 
 NOCOMPRESS LOGGING
  STORAGE(INITIAL 65536 NEXT 1048576 MINEXTENTS 1 MAXEXTENTS 2147483645
  PCTINCREASE 0 FREELISTS 1 FREELIST GROUPS 1
  BUFFER_POOL DEFAULT FLASH_CACHE DEFAULT CELL_FLASH_CACHE DEFAULT)
  TABLESPACE "TS_ALUMNOS"   NO INMEMORY ;
  GRANT INSERT ON "UBD3707"."INGRESO_EGRESO" TO "UBD3716";
  GRANT DELETE ON "UBD3707"."INGRESO_EGRESO" TO "UBD3716";
  GRANT SELECT ON "UBD3707"."INGRESO_EGRESO" TO "UBD3716";
  GRANT UPDATE ON "UBD3707"."INGRESO_EGRESO" TO "UBD3716";
  GRANT DELETE ON "UBD3707"."INGRESO_EGRESO" TO "UBD3710";
  GRANT INSERT ON "UBD3707"."INGRESO_EGRESO" TO "UBD3710";
  GRANT SELECT ON "UBD3707"."INGRESO_EGRESO" TO "UBD3710";
  GRANT UPDATE ON "UBD3707"."INGRESO_EGRESO" TO "UBD3710";
  GRANT DELETE ON "UBD3707"."INGRESO_EGRESO" TO "UBD3722";
  GRANT INSERT ON "UBD3707"."INGRESO_EGRESO" TO "UBD3722";
  GRANT SELECT ON "UBD3707"."INGRESO_EGRESO" TO "UBD3722";
  GRANT UPDATE ON "UBD3707"."INGRESO_EGRESO" TO "UBD3722";
--------------------------------------------------------
--  DDL for Table LIMPIADOR
--------------------------------------------------------

  CREATE TABLE "UBD3707"."LIMPIADOR" 
   (	"NIF" VARCHAR2(9 BYTE)
   ) SEGMENT CREATION IMMEDIATE 
  PCTFREE 10 PCTUSED 40 INITRANS 1 MAXTRANS 255 
 NOCOMPRESS LOGGING
  STORAGE(INITIAL 65536 NEXT 1048576 MINEXTENTS 1 MAXEXTENTS 2147483645
  PCTINCREASE 0 FREELISTS 1 FREELIST GROUPS 1
  BUFFER_POOL DEFAULT FLASH_CACHE DEFAULT CELL_FLASH_CACHE DEFAULT)
  TABLESPACE "TS_ALUMNOS"   NO INMEMORY ;
  GRANT DELETE ON "UBD3707"."LIMPIADOR" TO "UBD3710";
  GRANT INSERT ON "UBD3707"."LIMPIADOR" TO "UBD3710";
  GRANT SELECT ON "UBD3707"."LIMPIADOR" TO "UBD3710";
  GRANT UPDATE ON "UBD3707"."LIMPIADOR" TO "UBD3710";
  GRANT DELETE ON "UBD3707"."LIMPIADOR" TO "UBD3722";
  GRANT INSERT ON "UBD3707"."LIMPIADOR" TO "UBD3722";
  GRANT SELECT ON "UBD3707"."LIMPIADOR" TO "UBD3722";
  GRANT UPDATE ON "UBD3707"."LIMPIADOR" TO "UBD3722";
  GRANT DELETE ON "UBD3707"."LIMPIADOR" TO "UBD3716";
  GRANT INSERT ON "UBD3707"."LIMPIADOR" TO "UBD3716";
  GRANT SELECT ON "UBD3707"."LIMPIADOR" TO "UBD3716";
  GRANT UPDATE ON "UBD3707"."LIMPIADOR" TO "UBD3716";
--------------------------------------------------------
--  DDL for Table MEDICO
--------------------------------------------------------

  CREATE TABLE "UBD3707"."MEDICO" 
   (	"NUM_COLEGIADO_MEDICO" NUMBER(*,0), 
	"NIF" VARCHAR2(9 BYTE)
   ) SEGMENT CREATION IMMEDIATE 
  PCTFREE 10 PCTUSED 40 INITRANS 1 MAXTRANS 255 
 NOCOMPRESS LOGGING
  STORAGE(INITIAL 65536 NEXT 1048576 MINEXTENTS 1 MAXEXTENTS 2147483645
  PCTINCREASE 0 FREELISTS 1 FREELIST GROUPS 1
  BUFFER_POOL DEFAULT FLASH_CACHE DEFAULT CELL_FLASH_CACHE DEFAULT)
  TABLESPACE "TS_ALUMNOS"   NO INMEMORY ;
  GRANT DELETE ON "UBD3707"."MEDICO" TO "UBD3710";
  GRANT INSERT ON "UBD3707"."MEDICO" TO "UBD3710";
  GRANT SELECT ON "UBD3707"."MEDICO" TO "UBD3710";
  GRANT UPDATE ON "UBD3707"."MEDICO" TO "UBD3710";
  GRANT DELETE ON "UBD3707"."MEDICO" TO "UBD3722";
  GRANT INSERT ON "UBD3707"."MEDICO" TO "UBD3722";
  GRANT SELECT ON "UBD3707"."MEDICO" TO "UBD3722";
  GRANT UPDATE ON "UBD3707"."MEDICO" TO "UBD3722";
  GRANT DELETE ON "UBD3707"."MEDICO" TO "UBD3716";
  GRANT INSERT ON "UBD3707"."MEDICO" TO "UBD3716";
  GRANT SELECT ON "UBD3707"."MEDICO" TO "UBD3716";
  GRANT UPDATE ON "UBD3707"."MEDICO" TO "UBD3716";
--------------------------------------------------------
--  DDL for Table MODULO
--------------------------------------------------------

  CREATE TABLE "UBD3707"."MODULO" 
   (	"ID_MODULO" NUMBER(*,0), 
	"COD_CARCEL" NUMBER(*,0), 
	"TIPO_MODULO" VARCHAR2(11 BYTE)
   ) SEGMENT CREATION IMMEDIATE 
  PCTFREE 10 PCTUSED 40 INITRANS 1 MAXTRANS 255 
 NOCOMPRESS LOGGING
  STORAGE(INITIAL 65536 NEXT 1048576 MINEXTENTS 1 MAXEXTENTS 2147483645
  PCTINCREASE 0 FREELISTS 1 FREELIST GROUPS 1
  BUFFER_POOL DEFAULT FLASH_CACHE DEFAULT CELL_FLASH_CACHE DEFAULT)
  TABLESPACE "TS_ALUMNOS"   NO INMEMORY ;
  GRANT DELETE ON "UBD3707"."MODULO" TO "UBD3710";
  GRANT INSERT ON "UBD3707"."MODULO" TO "UBD3710";
  GRANT SELECT ON "UBD3707"."MODULO" TO "UBD3710";
  GRANT UPDATE ON "UBD3707"."MODULO" TO "UBD3710";
  GRANT DELETE ON "UBD3707"."MODULO" TO "UBD3722";
  GRANT INSERT ON "UBD3707"."MODULO" TO "UBD3722";
  GRANT SELECT ON "UBD3707"."MODULO" TO "UBD3722";
  GRANT UPDATE ON "UBD3707"."MODULO" TO "UBD3722";
  GRANT DELETE ON "UBD3707"."MODULO" TO "UBD3716";
  GRANT INSERT ON "UBD3707"."MODULO" TO "UBD3716";
  GRANT SELECT ON "UBD3707"."MODULO" TO "UBD3716";
  GRANT UPDATE ON "UBD3707"."MODULO" TO "UBD3716";
--------------------------------------------------------
--  DDL for Table PERSONA
--------------------------------------------------------

  CREATE TABLE "UBD3707"."PERSONA" 
   (	"NIF" VARCHAR2(9 BYTE), 
	"NUM_SS" VARCHAR2(12 BYTE), 
	"NOMBRE" VARCHAR2(30 BYTE), 
	"APELLIDOS" VARCHAR2(60 BYTE), 
	"EMAIL" VARCHAR2(30 BYTE), 
	"FECHA_NACIMIENTO" DATE
   ) SEGMENT CREATION IMMEDIATE 
  PCTFREE 10 PCTUSED 40 INITRANS 1 MAXTRANS 255 
 NOCOMPRESS LOGGING
  STORAGE(INITIAL 65536 NEXT 1048576 MINEXTENTS 1 MAXEXTENTS 2147483645
  PCTINCREASE 0 FREELISTS 1 FREELIST GROUPS 1
  BUFFER_POOL DEFAULT FLASH_CACHE DEFAULT CELL_FLASH_CACHE DEFAULT)
  TABLESPACE "TS_ALUMNOS"   NO INMEMORY ;
  GRANT DELETE ON "UBD3707"."PERSONA" TO "UBD3710";
  GRANT INSERT ON "UBD3707"."PERSONA" TO "UBD3710";
  GRANT SELECT ON "UBD3707"."PERSONA" TO "UBD3710";
  GRANT UPDATE ON "UBD3707"."PERSONA" TO "UBD3710";
  GRANT DELETE ON "UBD3707"."PERSONA" TO "UBD3722";
  GRANT INSERT ON "UBD3707"."PERSONA" TO "UBD3722";
  GRANT SELECT ON "UBD3707"."PERSONA" TO "UBD3722";
  GRANT UPDATE ON "UBD3707"."PERSONA" TO "UBD3722";
  GRANT DELETE ON "UBD3707"."PERSONA" TO "UBD3716";
  GRANT INSERT ON "UBD3707"."PERSONA" TO "UBD3716";
  GRANT SELECT ON "UBD3707"."PERSONA" TO "UBD3716";
  GRANT UPDATE ON "UBD3707"."PERSONA" TO "UBD3716";
--------------------------------------------------------
--  DDL for Table PRODUCTO
--------------------------------------------------------

  CREATE TABLE "UBD3707"."PRODUCTO" 
   (	"ID_PRODUCTO" NUMBER(*,0), 
	"PRECIO" FLOAT(126), 
	"NOMBRE" VARCHAR2(20 BYTE), 
	"STOCK" NUMBER(*,0), 
	"ID_ECONOMATO" NUMBER(*,0)
   ) SEGMENT CREATION IMMEDIATE 
  PCTFREE 10 PCTUSED 40 INITRANS 1 MAXTRANS 255 
 NOCOMPRESS LOGGING
  STORAGE(INITIAL 65536 NEXT 1048576 MINEXTENTS 1 MAXEXTENTS 2147483645
  PCTINCREASE 0 FREELISTS 1 FREELIST GROUPS 1
  BUFFER_POOL DEFAULT FLASH_CACHE DEFAULT CELL_FLASH_CACHE DEFAULT)
  TABLESPACE "TS_ALUMNOS"   NO INMEMORY ;
  GRANT DELETE ON "UBD3707"."PRODUCTO" TO "UBD3710";
  GRANT INSERT ON "UBD3707"."PRODUCTO" TO "UBD3710";
  GRANT SELECT ON "UBD3707"."PRODUCTO" TO "UBD3710";
  GRANT UPDATE ON "UBD3707"."PRODUCTO" TO "UBD3710";
  GRANT DELETE ON "UBD3707"."PRODUCTO" TO "UBD3722";
  GRANT INSERT ON "UBD3707"."PRODUCTO" TO "UBD3722";
  GRANT SELECT ON "UBD3707"."PRODUCTO" TO "UBD3722";
  GRANT UPDATE ON "UBD3707"."PRODUCTO" TO "UBD3722";
  GRANT DELETE ON "UBD3707"."PRODUCTO" TO "UBD3716";
  GRANT INSERT ON "UBD3707"."PRODUCTO" TO "UBD3716";
  GRANT SELECT ON "UBD3707"."PRODUCTO" TO "UBD3716";
  GRANT UPDATE ON "UBD3707"."PRODUCTO" TO "UBD3716";
--------------------------------------------------------
--  DDL for Table PROVEE_ECONOMATO
--------------------------------------------------------

  CREATE TABLE "UBD3707"."PROVEE_ECONOMATO" 
   (	"CIF" VARCHAR2(9 BYTE), 
	"ID_ECONOMATO" NUMBER(*,0)
   ) SEGMENT CREATION IMMEDIATE 
  PCTFREE 10 PCTUSED 40 INITRANS 1 MAXTRANS 255 
 NOCOMPRESS LOGGING
  STORAGE(INITIAL 65536 NEXT 1048576 MINEXTENTS 1 MAXEXTENTS 2147483645
  PCTINCREASE 0 FREELISTS 1 FREELIST GROUPS 1
  BUFFER_POOL DEFAULT FLASH_CACHE DEFAULT CELL_FLASH_CACHE DEFAULT)
  TABLESPACE "TS_ALUMNOS"   NO INMEMORY ;
  GRANT DELETE ON "UBD3707"."PROVEE_ECONOMATO" TO "UBD3710";
  GRANT INSERT ON "UBD3707"."PROVEE_ECONOMATO" TO "UBD3710";
  GRANT SELECT ON "UBD3707"."PROVEE_ECONOMATO" TO "UBD3710";
  GRANT UPDATE ON "UBD3707"."PROVEE_ECONOMATO" TO "UBD3710";
  GRANT DELETE ON "UBD3707"."PROVEE_ECONOMATO" TO "UBD3722";
  GRANT INSERT ON "UBD3707"."PROVEE_ECONOMATO" TO "UBD3722";
  GRANT SELECT ON "UBD3707"."PROVEE_ECONOMATO" TO "UBD3722";
  GRANT UPDATE ON "UBD3707"."PROVEE_ECONOMATO" TO "UBD3722";
  GRANT DELETE ON "UBD3707"."PROVEE_ECONOMATO" TO "UBD3716";
  GRANT INSERT ON "UBD3707"."PROVEE_ECONOMATO" TO "UBD3716";
  GRANT SELECT ON "UBD3707"."PROVEE_ECONOMATO" TO "UBD3716";
  GRANT UPDATE ON "UBD3707"."PROVEE_ECONOMATO" TO "UBD3716";
--------------------------------------------------------
--  DDL for Table RECLUSO
--------------------------------------------------------

  CREATE TABLE "UBD3707"."RECLUSO" 
   (	"NIF" VARCHAR2(9 BYTE), 
	"NIS" NUMBER(*,0), 
	"ID_CELDA" NUMBER(*,0)
   ) SEGMENT CREATION IMMEDIATE 
  PCTFREE 10 PCTUSED 40 INITRANS 1 MAXTRANS 255 
 NOCOMPRESS LOGGING
  STORAGE(INITIAL 65536 NEXT 1048576 MINEXTENTS 1 MAXEXTENTS 2147483645
  PCTINCREASE 0 FREELISTS 1 FREELIST GROUPS 1
  BUFFER_POOL DEFAULT FLASH_CACHE DEFAULT CELL_FLASH_CACHE DEFAULT)
  TABLESPACE "TS_ALUMNOS"   NO INMEMORY ;
  GRANT DELETE ON "UBD3707"."RECLUSO" TO "UBD3710";
  GRANT INSERT ON "UBD3707"."RECLUSO" TO "UBD3710";
  GRANT SELECT ON "UBD3707"."RECLUSO" TO "UBD3710";
  GRANT UPDATE ON "UBD3707"."RECLUSO" TO "UBD3710";
  GRANT DELETE ON "UBD3707"."RECLUSO" TO "UBD3722";
  GRANT INSERT ON "UBD3707"."RECLUSO" TO "UBD3722";
  GRANT SELECT ON "UBD3707"."RECLUSO" TO "UBD3722";
  GRANT UPDATE ON "UBD3707"."RECLUSO" TO "UBD3722";
  GRANT DELETE ON "UBD3707"."RECLUSO" TO "UBD3716";
  GRANT INSERT ON "UBD3707"."RECLUSO" TO "UBD3716";
  GRANT SELECT ON "UBD3707"."RECLUSO" TO "UBD3716";
  GRANT UPDATE ON "UBD3707"."RECLUSO" TO "UBD3716";
--------------------------------------------------------
--  DDL for Table RECLUSO_PERMISO_ZONA
--------------------------------------------------------

  CREATE TABLE "UBD3707"."RECLUSO_PERMISO_ZONA" 
   (	"RECLUSO_NIF" VARCHAR2(9 BYTE), 
	"ID_ZONA" NUMBER(*,0)
   ) SEGMENT CREATION IMMEDIATE 
  PCTFREE 10 PCTUSED 40 INITRANS 1 MAXTRANS 255 
 NOCOMPRESS LOGGING
  STORAGE(INITIAL 65536 NEXT 1048576 MINEXTENTS 1 MAXEXTENTS 2147483645
  PCTINCREASE 0 FREELISTS 1 FREELIST GROUPS 1
  BUFFER_POOL DEFAULT FLASH_CACHE DEFAULT CELL_FLASH_CACHE DEFAULT)
  TABLESPACE "TS_ALUMNOS"   NO INMEMORY ;
  GRANT DELETE ON "UBD3707"."RECLUSO_PERMISO_ZONA" TO "UBD3710";
  GRANT INSERT ON "UBD3707"."RECLUSO_PERMISO_ZONA" TO "UBD3710";
  GRANT SELECT ON "UBD3707"."RECLUSO_PERMISO_ZONA" TO "UBD3710";
  GRANT UPDATE ON "UBD3707"."RECLUSO_PERMISO_ZONA" TO "UBD3710";
  GRANT DELETE ON "UBD3707"."RECLUSO_PERMISO_ZONA" TO "UBD3722";
  GRANT INSERT ON "UBD3707"."RECLUSO_PERMISO_ZONA" TO "UBD3722";
  GRANT SELECT ON "UBD3707"."RECLUSO_PERMISO_ZONA" TO "UBD3722";
  GRANT UPDATE ON "UBD3707"."RECLUSO_PERMISO_ZONA" TO "UBD3722";
  GRANT DELETE ON "UBD3707"."RECLUSO_PERMISO_ZONA" TO "UBD3716";
  GRANT INSERT ON "UBD3707"."RECLUSO_PERMISO_ZONA" TO "UBD3716";
  GRANT SELECT ON "UBD3707"."RECLUSO_PERMISO_ZONA" TO "UBD3716";
  GRANT UPDATE ON "UBD3707"."RECLUSO_PERMISO_ZONA" TO "UBD3716";
--------------------------------------------------------
--  DDL for Table SUBCONTRATA
--------------------------------------------------------

  CREATE TABLE "UBD3707"."SUBCONTRATA" 
   (	"CIF_EMPRESA_EXTERNA" VARCHAR2(9 BYTE), 
	"NIF" VARCHAR2(9 BYTE)
   ) SEGMENT CREATION IMMEDIATE 
  PCTFREE 10 PCTUSED 40 INITRANS 1 MAXTRANS 255 
 NOCOMPRESS LOGGING
  STORAGE(INITIAL 65536 NEXT 1048576 MINEXTENTS 1 MAXEXTENTS 2147483645
  PCTINCREASE 0 FREELISTS 1 FREELIST GROUPS 1
  BUFFER_POOL DEFAULT FLASH_CACHE DEFAULT CELL_FLASH_CACHE DEFAULT)
  TABLESPACE "TS_ALUMNOS"   NO INMEMORY ;
  GRANT DELETE ON "UBD3707"."SUBCONTRATA" TO "UBD3710";
  GRANT INSERT ON "UBD3707"."SUBCONTRATA" TO "UBD3710";
  GRANT SELECT ON "UBD3707"."SUBCONTRATA" TO "UBD3710";
  GRANT UPDATE ON "UBD3707"."SUBCONTRATA" TO "UBD3710";
  GRANT DELETE ON "UBD3707"."SUBCONTRATA" TO "UBD3722";
  GRANT INSERT ON "UBD3707"."SUBCONTRATA" TO "UBD3722";
  GRANT SELECT ON "UBD3707"."SUBCONTRATA" TO "UBD3722";
  GRANT UPDATE ON "UBD3707"."SUBCONTRATA" TO "UBD3722";
  GRANT DELETE ON "UBD3707"."SUBCONTRATA" TO "UBD3716";
  GRANT INSERT ON "UBD3707"."SUBCONTRATA" TO "UBD3716";
  GRANT SELECT ON "UBD3707"."SUBCONTRATA" TO "UBD3716";
  GRANT UPDATE ON "UBD3707"."SUBCONTRATA" TO "UBD3716";
--------------------------------------------------------
--  DDL for Table SUBCONTRATA_VOLUNTARIO
--------------------------------------------------------

  CREATE TABLE "UBD3707"."SUBCONTRATA_VOLUNTARIO" 
   (	"NIF" VARCHAR2(9 BYTE)
   ) SEGMENT CREATION IMMEDIATE 
  PCTFREE 10 PCTUSED 40 INITRANS 1 MAXTRANS 255 
 NOCOMPRESS LOGGING
  STORAGE(INITIAL 65536 NEXT 1048576 MINEXTENTS 1 MAXEXTENTS 2147483645
  PCTINCREASE 0 FREELISTS 1 FREELIST GROUPS 1
  BUFFER_POOL DEFAULT FLASH_CACHE DEFAULT CELL_FLASH_CACHE DEFAULT)
  TABLESPACE "TS_ALUMNOS"   NO INMEMORY ;
  GRANT DELETE ON "UBD3707"."SUBCONTRATA_VOLUNTARIO" TO "UBD3710";
  GRANT INSERT ON "UBD3707"."SUBCONTRATA_VOLUNTARIO" TO "UBD3710";
  GRANT SELECT ON "UBD3707"."SUBCONTRATA_VOLUNTARIO" TO "UBD3710";
  GRANT UPDATE ON "UBD3707"."SUBCONTRATA_VOLUNTARIO" TO "UBD3710";
  GRANT DELETE ON "UBD3707"."SUBCONTRATA_VOLUNTARIO" TO "UBD3722";
  GRANT INSERT ON "UBD3707"."SUBCONTRATA_VOLUNTARIO" TO "UBD3722";
  GRANT SELECT ON "UBD3707"."SUBCONTRATA_VOLUNTARIO" TO "UBD3722";
  GRANT UPDATE ON "UBD3707"."SUBCONTRATA_VOLUNTARIO" TO "UBD3722";
  GRANT DELETE ON "UBD3707"."SUBCONTRATA_VOLUNTARIO" TO "UBD3716";
  GRANT INSERT ON "UBD3707"."SUBCONTRATA_VOLUNTARIO" TO "UBD3716";
  GRANT SELECT ON "UBD3707"."SUBCONTRATA_VOLUNTARIO" TO "UBD3716";
  GRANT UPDATE ON "UBD3707"."SUBCONTRATA_VOLUNTARIO" TO "UBD3716";
--------------------------------------------------------
--  DDL for Table TIPO_DELITO
--------------------------------------------------------

  CREATE TABLE "UBD3707"."TIPO_DELITO" 
   (	"ID" NUMBER, 
	"NOMBRE" VARCHAR2(30 BYTE)
   ) SEGMENT CREATION IMMEDIATE 
  PCTFREE 10 PCTUSED 40 INITRANS 1 MAXTRANS 255 
 NOCOMPRESS LOGGING
  STORAGE(INITIAL 65536 NEXT 1048576 MINEXTENTS 1 MAXEXTENTS 2147483645
  PCTINCREASE 0 FREELISTS 1 FREELIST GROUPS 1
  BUFFER_POOL DEFAULT FLASH_CACHE DEFAULT CELL_FLASH_CACHE DEFAULT)
  TABLESPACE "TS_ALUMNOS"   NO INMEMORY ;
  GRANT DELETE ON "UBD3707"."TIPO_DELITO" TO "UBD3716";
  GRANT INSERT ON "UBD3707"."TIPO_DELITO" TO "UBD3716";
  GRANT SELECT ON "UBD3707"."TIPO_DELITO" TO "UBD3716";
  GRANT UPDATE ON "UBD3707"."TIPO_DELITO" TO "UBD3716";
  GRANT DELETE ON "UBD3707"."TIPO_DELITO" TO "UBD3710";
  GRANT INSERT ON "UBD3707"."TIPO_DELITO" TO "UBD3710";
  GRANT SELECT ON "UBD3707"."TIPO_DELITO" TO "UBD3710";
  GRANT UPDATE ON "UBD3707"."TIPO_DELITO" TO "UBD3710";
  GRANT DELETE ON "UBD3707"."TIPO_DELITO" TO "UBD3722";
  GRANT INSERT ON "UBD3707"."TIPO_DELITO" TO "UBD3722";
  GRANT SELECT ON "UBD3707"."TIPO_DELITO" TO "UBD3722";
  GRANT UPDATE ON "UBD3707"."TIPO_DELITO" TO "UBD3722";
--------------------------------------------------------
--  DDL for Table TURNO
--------------------------------------------------------

  CREATE TABLE "UBD3707"."TURNO" 
   (	"ID_TURNO" NUMBER(*,0), 
	"ENTRADA" DATE, 
	"SALIDA" DATE, 
	"NIF" VARCHAR2(9 BYTE)
   ) SEGMENT CREATION IMMEDIATE 
  PCTFREE 10 PCTUSED 40 INITRANS 1 MAXTRANS 255 
 NOCOMPRESS LOGGING
  STORAGE(INITIAL 65536 NEXT 1048576 MINEXTENTS 1 MAXEXTENTS 2147483645
  PCTINCREASE 0 FREELISTS 1 FREELIST GROUPS 1
  BUFFER_POOL DEFAULT FLASH_CACHE DEFAULT CELL_FLASH_CACHE DEFAULT)
  TABLESPACE "TS_ALUMNOS"   NO INMEMORY ;
  GRANT DELETE ON "UBD3707"."TURNO" TO "UBD3710";
  GRANT INSERT ON "UBD3707"."TURNO" TO "UBD3710";
  GRANT SELECT ON "UBD3707"."TURNO" TO "UBD3710";
  GRANT UPDATE ON "UBD3707"."TURNO" TO "UBD3710";
  GRANT DELETE ON "UBD3707"."TURNO" TO "UBD3722";
  GRANT INSERT ON "UBD3707"."TURNO" TO "UBD3722";
  GRANT SELECT ON "UBD3707"."TURNO" TO "UBD3722";
  GRANT UPDATE ON "UBD3707"."TURNO" TO "UBD3722";
  GRANT DELETE ON "UBD3707"."TURNO" TO "UBD3716";
  GRANT INSERT ON "UBD3707"."TURNO" TO "UBD3716";
  GRANT SELECT ON "UBD3707"."TURNO" TO "UBD3716";
  GRANT UPDATE ON "UBD3707"."TURNO" TO "UBD3716";
--------------------------------------------------------
--  DDL for Table VISITA
--------------------------------------------------------

  CREATE TABLE "UBD3707"."VISITA" 
   (	"NIF_RECLUSO" VARCHAR2(9 BYTE), 
	"NIF_VISITANTE" VARCHAR2(9 BYTE), 
	"FECHA_HORA_VISITA" DATE
   ) SEGMENT CREATION IMMEDIATE 
  PCTFREE 10 PCTUSED 40 INITRANS 1 MAXTRANS 255 
 NOCOMPRESS LOGGING
  STORAGE(INITIAL 65536 NEXT 1048576 MINEXTENTS 1 MAXEXTENTS 2147483645
  PCTINCREASE 0 FREELISTS 1 FREELIST GROUPS 1
  BUFFER_POOL DEFAULT FLASH_CACHE DEFAULT CELL_FLASH_CACHE DEFAULT)
  TABLESPACE "TS_ALUMNOS"   NO INMEMORY ;
  GRANT DELETE ON "UBD3707"."VISITA" TO "UBD3710";
  GRANT INSERT ON "UBD3707"."VISITA" TO "UBD3710";
  GRANT SELECT ON "UBD3707"."VISITA" TO "UBD3710";
  GRANT UPDATE ON "UBD3707"."VISITA" TO "UBD3710";
  GRANT DELETE ON "UBD3707"."VISITA" TO "UBD3722";
  GRANT INSERT ON "UBD3707"."VISITA" TO "UBD3722";
  GRANT SELECT ON "UBD3707"."VISITA" TO "UBD3722";
  GRANT UPDATE ON "UBD3707"."VISITA" TO "UBD3722";
  GRANT DELETE ON "UBD3707"."VISITA" TO "UBD3716";
  GRANT INSERT ON "UBD3707"."VISITA" TO "UBD3716";
  GRANT SELECT ON "UBD3707"."VISITA" TO "UBD3716";
  GRANT UPDATE ON "UBD3707"."VISITA" TO "UBD3716";
--------------------------------------------------------
--  DDL for Table VISITANTE
--------------------------------------------------------

  CREATE TABLE "UBD3707"."VISITANTE" 
   (	"NIF" VARCHAR2(9 BYTE)
   ) SEGMENT CREATION IMMEDIATE 
  PCTFREE 10 PCTUSED 40 INITRANS 1 MAXTRANS 255 
 NOCOMPRESS LOGGING
  STORAGE(INITIAL 65536 NEXT 1048576 MINEXTENTS 1 MAXEXTENTS 2147483645
  PCTINCREASE 0 FREELISTS 1 FREELIST GROUPS 1
  BUFFER_POOL DEFAULT FLASH_CACHE DEFAULT CELL_FLASH_CACHE DEFAULT)
  TABLESPACE "TS_ALUMNOS"   NO INMEMORY ;
  GRANT DELETE ON "UBD3707"."VISITANTE" TO "UBD3710";
  GRANT INSERT ON "UBD3707"."VISITANTE" TO "UBD3710";
  GRANT SELECT ON "UBD3707"."VISITANTE" TO "UBD3710";
  GRANT UPDATE ON "UBD3707"."VISITANTE" TO "UBD3710";
  GRANT DELETE ON "UBD3707"."VISITANTE" TO "UBD3722";
  GRANT INSERT ON "UBD3707"."VISITANTE" TO "UBD3722";
  GRANT SELECT ON "UBD3707"."VISITANTE" TO "UBD3722";
  GRANT UPDATE ON "UBD3707"."VISITANTE" TO "UBD3722";
  GRANT DELETE ON "UBD3707"."VISITANTE" TO "UBD3716";
  GRANT INSERT ON "UBD3707"."VISITANTE" TO "UBD3716";
  GRANT SELECT ON "UBD3707"."VISITANTE" TO "UBD3716";
  GRANT UPDATE ON "UBD3707"."VISITANTE" TO "UBD3716";
REM INSERTING into UBD3707.ZONA_ACTIVIDADES
SET DEFINE OFF;
Insert into UBD3707.ZONA_ACTIVIDADES (ID_ZONA,COD_CARCEL,AFORO_MAX,TIPO) values ('3','98212558','5','BIBLIOTECA');
Insert into UBD3707.ZONA_ACTIVIDADES (ID_ZONA,COD_CARCEL,AFORO_MAX,TIPO) values ('1','98212558','5','VISITAS');
Insert into UBD3707.ZONA_ACTIVIDADES (ID_ZONA,COD_CARCEL,AFORO_MAX,TIPO) values ('2','98212558','10','GIMNASIO');
REM INSERTING into UBD3707.AUDIT_TABLE
SET DEFINE OFF;
Insert into UBD3707.AUDIT_TABLE (ID,USUARIO,TIPO,TABLA) values ('63','UBD3710','INSERT','MODULO');
Insert into UBD3707.AUDIT_TABLE (ID,USUARIO,TIPO,TABLA) values ('64','UBD3710','INSERT','MODULO');
Insert into UBD3707.AUDIT_TABLE (ID,USUARIO,TIPO,TABLA) values ('65','UBD3710','INSERT','ECONOMATO');
Insert into UBD3707.AUDIT_TABLE (ID,USUARIO,TIPO,TABLA) values ('79','UBD3710','INSERT','PERSONA');
Insert into UBD3707.AUDIT_TABLE (ID,USUARIO,TIPO,TABLA) values ('80','UBD3710','INSERT','PERSONA');
Insert into UBD3707.AUDIT_TABLE (ID,USUARIO,TIPO,TABLA) values ('81','UBD3710','INSERT','PERSONA');
Insert into UBD3707.AUDIT_TABLE (ID,USUARIO,TIPO,TABLA) values ('82','UBD3710','INSERT','PERSONA');
Insert into UBD3707.AUDIT_TABLE (ID,USUARIO,TIPO,TABLA) values ('83','UBD3710','INSERT','PERSONA');
Insert into UBD3707.AUDIT_TABLE (ID,USUARIO,TIPO,TABLA) values ('84','UBD3710','INSERT','PERSONA');
Insert into UBD3707.AUDIT_TABLE (ID,USUARIO,TIPO,TABLA) values ('85','UBD3710','INSERT','PERSONA');
Insert into UBD3707.AUDIT_TABLE (ID,USUARIO,TIPO,TABLA) values ('86','UBD3710','INSERT','PERSONA');
Insert into UBD3707.AUDIT_TABLE (ID,USUARIO,TIPO,TABLA) values ('124','UBD3710','INSERT','PERSONA');
Insert into UBD3707.AUDIT_TABLE (ID,USUARIO,TIPO,TABLA) values ('125','UBD3710','INSERT','PERSONA');
Insert into UBD3707.AUDIT_TABLE (ID,USUARIO,TIPO,TABLA) values ('126','UBD3710','INSERT','PERSONA');
Insert into UBD3707.AUDIT_TABLE (ID,USUARIO,TIPO,TABLA) values ('127','UBD3710','INSERT','PERSONA');
Insert into UBD3707.AUDIT_TABLE (ID,USUARIO,TIPO,TABLA) values ('128','UBD3710','INSERT','PERSONA');
Insert into UBD3707.AUDIT_TABLE (ID,USUARIO,TIPO,TABLA) values ('129','UBD3710','INSERT','PERSONA');
Insert into UBD3707.AUDIT_TABLE (ID,USUARIO,TIPO,TABLA) values ('130','UBD3710','INSERT','PERSONA');
Insert into UBD3707.AUDIT_TABLE (ID,USUARIO,TIPO,TABLA) values ('131','UBD3710','INSERT','PERSONA');
Insert into UBD3707.AUDIT_TABLE (ID,USUARIO,TIPO,TABLA) values ('138','UBD3710','INSERT','EMPLEADO');
Insert into UBD3707.AUDIT_TABLE (ID,USUARIO,TIPO,TABLA) values ('139','UBD3710','INSERT','EMPLEADO');
Insert into UBD3707.AUDIT_TABLE (ID,USUARIO,TIPO,TABLA) values ('140','UBD3710','INSERT','EMPLEADO');
Insert into UBD3707.AUDIT_TABLE (ID,USUARIO,TIPO,TABLA) values ('141','UBD3710','INSERT','EMPLEADO');
Insert into UBD3707.AUDIT_TABLE (ID,USUARIO,TIPO,TABLA) values ('142','UBD3710','INSERT','EMPLEADO');
Insert into UBD3707.AUDIT_TABLE (ID,USUARIO,TIPO,TABLA) values ('153','UBD3710','INSERT','RECLUSO');
Insert into UBD3707.AUDIT_TABLE (ID,USUARIO,TIPO,TABLA) values ('154','UBD3710','INSERT','RECLUSO');
Insert into UBD3707.AUDIT_TABLE (ID,USUARIO,TIPO,TABLA) values ('155','UBD3710','INSERT','RECLUSO');
Insert into UBD3707.AUDIT_TABLE (ID,USUARIO,TIPO,TABLA) values ('156','UBD3710','INSERT','RECLUSO');
Insert into UBD3707.AUDIT_TABLE (ID,USUARIO,TIPO,TABLA) values ('157','UBD3710','INSERT','RECLUSO');
Insert into UBD3707.AUDIT_TABLE (ID,USUARIO,TIPO,TABLA) values ('158','UBD3710','INSERT','RECLUSO');
Insert into UBD3707.AUDIT_TABLE (ID,USUARIO,TIPO,TABLA) values ('159','UBD3710','INSERT','RECLUSO');
Insert into UBD3707.AUDIT_TABLE (ID,USUARIO,TIPO,TABLA) values ('160','UBD3710','INSERT','RECLUSO');
Insert into UBD3707.AUDIT_TABLE (ID,USUARIO,TIPO,TABLA) values ('168','UBD3710','INSERT','TIPO_DELITO');
Insert into UBD3707.AUDIT_TABLE (ID,USUARIO,TIPO,TABLA) values ('169','UBD3710','INSERT','TIPO_DELITO');
Insert into UBD3707.AUDIT_TABLE (ID,USUARIO,TIPO,TABLA) values ('170','UBD3710','INSERT','TIPO_DELITO');
Insert into UBD3707.AUDIT_TABLE (ID,USUARIO,TIPO,TABLA) values ('171','UBD3710','INSERT','TIPO_DELITO');
Insert into UBD3707.AUDIT_TABLE (ID,USUARIO,TIPO,TABLA) values ('172','UBD3710','INSERT','TIPO_DELITO');
Insert into UBD3707.AUDIT_TABLE (ID,USUARIO,TIPO,TABLA) values ('186','UBD3710','INSERT','ZONA_ACTIVIDADES');
Insert into UBD3707.AUDIT_TABLE (ID,USUARIO,TIPO,TABLA) values ('192','UBD3710','INSERT','VISITA');
Insert into UBD3707.AUDIT_TABLE (ID,USUARIO,TIPO,TABLA) values ('193','UBD3710','INSERT','VISITA');
Insert into UBD3707.AUDIT_TABLE (ID,USUARIO,TIPO,TABLA) values ('194','UBD3710','INSERT','VISITA');
Insert into UBD3707.AUDIT_TABLE (ID,USUARIO,TIPO,TABLA) values ('200','UBD3710','INSERT','SUBCONTRATA_VOLUNTARIO');
Insert into UBD3707.AUDIT_TABLE (ID,USUARIO,TIPO,TABLA) values ('201','UBD3710','INSERT','SUBCONTRATA_VOLUNTARIO');
Insert into UBD3707.AUDIT_TABLE (ID,USUARIO,TIPO,TABLA) values ('202','UBD3710','INSERT','SUBCONTRATA_VOLUNTARIO');
Insert into UBD3707.AUDIT_TABLE (ID,USUARIO,TIPO,TABLA) values ('203','UBD3710','INSERT','SUBCONTRATA_VOLUNTARIO');
Insert into UBD3707.AUDIT_TABLE (ID,USUARIO,TIPO,TABLA) values ('204','UBD3710','INSERT','SUBCONTRATA_VOLUNTARIO');
Insert into UBD3707.AUDIT_TABLE (ID,USUARIO,TIPO,TABLA) values ('205','UBD3710','INSERT','SUBCONTRATA_VOLUNTARIO');
Insert into UBD3707.AUDIT_TABLE (ID,USUARIO,TIPO,TABLA) values ('218','UBD3710','INSERT','INGRESO_EGRESO');
Insert into UBD3707.AUDIT_TABLE (ID,USUARIO,TIPO,TABLA) values ('219','UBD3710','INSERT','INGRESO_EGRESO');
Insert into UBD3707.AUDIT_TABLE (ID,USUARIO,TIPO,TABLA) values ('220','UBD3710','INSERT','INGRESO_EGRESO');
Insert into UBD3707.AUDIT_TABLE (ID,USUARIO,TIPO,TABLA) values ('221','UBD3710','INSERT','INGRESO_EGRESO');
Insert into UBD3707.AUDIT_TABLE (ID,USUARIO,TIPO,TABLA) values ('222','UBD3710','INSERT','INGRESO_EGRESO');
Insert into UBD3707.AUDIT_TABLE (ID,USUARIO,TIPO,TABLA) values ('228','UBD3710','INSERT','PROVEE_ECONOMATO');
Insert into UBD3707.AUDIT_TABLE (ID,USUARIO,TIPO,TABLA) values ('245','UBD3710','UPDATE','PRODUCTO');
Insert into UBD3707.AUDIT_TABLE (ID,USUARIO,TIPO,TABLA) values ('253','UBD3710','INSERT','RECLUSO_PERMISO_ZONA');
Insert into UBD3707.AUDIT_TABLE (ID,USUARIO,TIPO,TABLA) values ('254','UBD3710','INSERT','RECLUSO_PERMISO_ZONA');
Insert into UBD3707.AUDIT_TABLE (ID,USUARIO,TIPO,TABLA) values ('255','UBD3710','INSERT','RECLUSO_PERMISO_ZONA');
Insert into UBD3707.AUDIT_TABLE (ID,USUARIO,TIPO,TABLA) values ('323','UBD3716','INSERT','TURNO');
Insert into UBD3707.AUDIT_TABLE (ID,USUARIO,TIPO,TABLA) values ('324','UBD3716','INSERT','TURNO');
Insert into UBD3707.AUDIT_TABLE (ID,USUARIO,TIPO,TABLA) values ('325','UBD3716','INSERT','TURNO');
Insert into UBD3707.AUDIT_TABLE (ID,USUARIO,TIPO,TABLA) values ('326','UBD3716','INSERT','TURNO');
Insert into UBD3707.AUDIT_TABLE (ID,USUARIO,TIPO,TABLA) values ('327','UBD3716','INSERT','TURNO');
Insert into UBD3707.AUDIT_TABLE (ID,USUARIO,TIPO,TABLA) values ('328','UBD3716','INSERT','TURNO');
Insert into UBD3707.AUDIT_TABLE (ID,USUARIO,TIPO,TABLA) values ('329','UBD3716','INSERT','TURNO');
Insert into UBD3707.AUDIT_TABLE (ID,USUARIO,TIPO,TABLA) values ('330','UBD3716','INSERT','TURNO');
Insert into UBD3707.AUDIT_TABLE (ID,USUARIO,TIPO,TABLA) values ('331','UBD3716','INSERT','TURNO');
Insert into UBD3707.AUDIT_TABLE (ID,USUARIO,TIPO,TABLA) values ('332','UBD3716','INSERT','TURNO');
Insert into UBD3707.AUDIT_TABLE (ID,USUARIO,TIPO,TABLA) values ('333','UBD3716','INSERT','TURNO');
Insert into UBD3707.AUDIT_TABLE (ID,USUARIO,TIPO,TABLA) values ('334','UBD3716','INSERT','TURNO');
Insert into UBD3707.AUDIT_TABLE (ID,USUARIO,TIPO,TABLA) values ('335','UBD3716','INSERT','TURNO');
Insert into UBD3707.AUDIT_TABLE (ID,USUARIO,TIPO,TABLA) values ('336','UBD3716','INSERT','TURNO');
Insert into UBD3707.AUDIT_TABLE (ID,USUARIO,TIPO,TABLA) values ('337','UBD3716','INSERT','TURNO');
Insert into UBD3707.AUDIT_TABLE (ID,USUARIO,TIPO,TABLA) values ('338','UBD3716','INSERT','TURNO');
Insert into UBD3707.AUDIT_TABLE (ID,USUARIO,TIPO,TABLA) values ('339','UBD3716','INSERT','TURNO');
Insert into UBD3707.AUDIT_TABLE (ID,USUARIO,TIPO,TABLA) values ('340','UBD3716','INSERT','TURNO');
Insert into UBD3707.AUDIT_TABLE (ID,USUARIO,TIPO,TABLA) values ('341','UBD3716','INSERT','TURNO');
Insert into UBD3707.AUDIT_TABLE (ID,USUARIO,TIPO,TABLA) values ('342','UBD3716','INSERT','TURNO');
Insert into UBD3707.AUDIT_TABLE (ID,USUARIO,TIPO,TABLA) values ('343','UBD3716','INSERT','TURNO');
Insert into UBD3707.AUDIT_TABLE (ID,USUARIO,TIPO,TABLA) values ('344','UBD3716','INSERT','TURNO');
Insert into UBD3707.AUDIT_TABLE (ID,USUARIO,TIPO,TABLA) values ('345','UBD3716','INSERT','TURNO');
Insert into UBD3707.AUDIT_TABLE (ID,USUARIO,TIPO,TABLA) values ('346','UBD3716','INSERT','TURNO');
Insert into UBD3707.AUDIT_TABLE (ID,USUARIO,TIPO,TABLA) values ('347','UBD3716','INSERT','TURNO');
Insert into UBD3707.AUDIT_TABLE (ID,USUARIO,TIPO,TABLA) values ('348','UBD3716','INSERT','TURNO');
Insert into UBD3707.AUDIT_TABLE (ID,USUARIO,TIPO,TABLA) values ('349','UBD3716','INSERT','TURNO');
Insert into UBD3707.AUDIT_TABLE (ID,USUARIO,TIPO,TABLA) values ('350','UBD3716','INSERT','TURNO');
Insert into UBD3707.AUDIT_TABLE (ID,USUARIO,TIPO,TABLA) values ('351','UBD3716','INSERT','TURNO');
Insert into UBD3707.AUDIT_TABLE (ID,USUARIO,TIPO,TABLA) values ('352','UBD3716','INSERT','TURNO');
Insert into UBD3707.AUDIT_TABLE (ID,USUARIO,TIPO,TABLA) values ('354','UBD3716','INSERT','TURNO');
Insert into UBD3707.AUDIT_TABLE (ID,USUARIO,TIPO,TABLA) values ('355','UBD3716','INSERT','TURNO');
Insert into UBD3707.AUDIT_TABLE (ID,USUARIO,TIPO,TABLA) values ('356','UBD3716','INSERT','TURNO');
Insert into UBD3707.AUDIT_TABLE (ID,USUARIO,TIPO,TABLA) values ('357','UBD3716','INSERT','TURNO');
Insert into UBD3707.AUDIT_TABLE (ID,USUARIO,TIPO,TABLA) values ('358','UBD3716','INSERT','TURNO');
Insert into UBD3707.AUDIT_TABLE (ID,USUARIO,TIPO,TABLA) values ('359','UBD3716','INSERT','TURNO');
Insert into UBD3707.AUDIT_TABLE (ID,USUARIO,TIPO,TABLA) values ('360','UBD3716','INSERT','TURNO');
Insert into UBD3707.AUDIT_TABLE (ID,USUARIO,TIPO,TABLA) values ('361','UBD3716','INSERT','TURNO');
Insert into UBD3707.AUDIT_TABLE (ID,USUARIO,TIPO,TABLA) values ('362','UBD3716','INSERT','TURNO');
Insert into UBD3707.AUDIT_TABLE (ID,USUARIO,TIPO,TABLA) values ('363','UBD3716','INSERT','TURNO');
Insert into UBD3707.AUDIT_TABLE (ID,USUARIO,TIPO,TABLA) values ('364','UBD3716','INSERT','TURNO');
Insert into UBD3707.AUDIT_TABLE (ID,USUARIO,TIPO,TABLA) values ('365','UBD3716','INSERT','TURNO');
Insert into UBD3707.AUDIT_TABLE (ID,USUARIO,TIPO,TABLA) values ('366','UBD3716','INSERT','TURNO');
Insert into UBD3707.AUDIT_TABLE (ID,USUARIO,TIPO,TABLA) values ('367','UBD3716','INSERT','TURNO');
Insert into UBD3707.AUDIT_TABLE (ID,USUARIO,TIPO,TABLA) values ('368','UBD3716','INSERT','TURNO');
Insert into UBD3707.AUDIT_TABLE (ID,USUARIO,TIPO,TABLA) values ('369','UBD3716','INSERT','TURNO');
Insert into UBD3707.AUDIT_TABLE (ID,USUARIO,TIPO,TABLA) values ('370','UBD3716','INSERT','TURNO');
Insert into UBD3707.AUDIT_TABLE (ID,USUARIO,TIPO,TABLA) values ('371','UBD3716','INSERT','TURNO');
Insert into UBD3707.AUDIT_TABLE (ID,USUARIO,TIPO,TABLA) values ('372','UBD3716','INSERT','TURNO');
Insert into UBD3707.AUDIT_TABLE (ID,USUARIO,TIPO,TABLA) values ('373','UBD3716','INSERT','TURNO');
Insert into UBD3707.AUDIT_TABLE (ID,USUARIO,TIPO,TABLA) values ('374','UBD3716','INSERT','TURNO');
Insert into UBD3707.AUDIT_TABLE (ID,USUARIO,TIPO,TABLA) values ('375','UBD3716','INSERT','TURNO');
Insert into UBD3707.AUDIT_TABLE (ID,USUARIO,TIPO,TABLA) values ('376','UBD3716','INSERT','TURNO');
Insert into UBD3707.AUDIT_TABLE (ID,USUARIO,TIPO,TABLA) values ('377','UBD3716','INSERT','TURNO');
Insert into UBD3707.AUDIT_TABLE (ID,USUARIO,TIPO,TABLA) values ('378','UBD3716','INSERT','TURNO');
Insert into UBD3707.AUDIT_TABLE (ID,USUARIO,TIPO,TABLA) values ('379','UBD3716','INSERT','TURNO');
Insert into UBD3707.AUDIT_TABLE (ID,USUARIO,TIPO,TABLA) values ('380','UBD3716','INSERT','TURNO');
Insert into UBD3707.AUDIT_TABLE (ID,USUARIO,TIPO,TABLA) values ('381','UBD3716','INSERT','TURNO');
Insert into UBD3707.AUDIT_TABLE (ID,USUARIO,TIPO,TABLA) values ('382','UBD3716','INSERT','TURNO');
Insert into UBD3707.AUDIT_TABLE (ID,USUARIO,TIPO,TABLA) values ('383','UBD3716','INSERT','TURNO');
Insert into UBD3707.AUDIT_TABLE (ID,USUARIO,TIPO,TABLA) values ('61','UBD3707','INSERT','CARCEL');
Insert into UBD3707.AUDIT_TABLE (ID,USUARIO,TIPO,TABLA) values ('62','UBD3707','INSERT','MODULO');
Insert into UBD3707.AUDIT_TABLE (ID,USUARIO,TIPO,TABLA) values ('66','UBD3716','INSERT','CELDA');
Insert into UBD3707.AUDIT_TABLE (ID,USUARIO,TIPO,TABLA) values ('67','UBD3716','INSERT','CELDA');
Insert into UBD3707.AUDIT_TABLE (ID,USUARIO,TIPO,TABLA) values ('68','UBD3716','INSERT','CELDA');
Insert into UBD3707.AUDIT_TABLE (ID,USUARIO,TIPO,TABLA) values ('69','UBD3707','INSERT','CELDA');
Insert into UBD3707.AUDIT_TABLE (ID,USUARIO,TIPO,TABLA) values ('70','UBD3707','INSERT','CELDA');
Insert into UBD3707.AUDIT_TABLE (ID,USUARIO,TIPO,TABLA) values ('71','UBD3707','INSERT','CELDA');
Insert into UBD3707.AUDIT_TABLE (ID,USUARIO,TIPO,TABLA) values ('72','UBD3716','INSERT','CELDA');
Insert into UBD3707.AUDIT_TABLE (ID,USUARIO,TIPO,TABLA) values ('73','UBD3716','INSERT','CELDA');
Insert into UBD3707.AUDIT_TABLE (ID,USUARIO,TIPO,TABLA) values ('74','UBD3716','INSERT','CELDA');
Insert into UBD3707.AUDIT_TABLE (ID,USUARIO,TIPO,TABLA) values ('75','UBD3716','INSERT','CELDA');
Insert into UBD3707.AUDIT_TABLE (ID,USUARIO,TIPO,TABLA) values ('76','UBD3716','INSERT','CELDA');
Insert into UBD3707.AUDIT_TABLE (ID,USUARIO,TIPO,TABLA) values ('77','UBD3716','INSERT','CELDA');
Insert into UBD3707.AUDIT_TABLE (ID,USUARIO,TIPO,TABLA) values ('78','UBD3716','INSERT','CELDA');
Insert into UBD3707.AUDIT_TABLE (ID,USUARIO,TIPO,TABLA) values ('87','UBD3716','INSERT','PERSONA');
Insert into UBD3707.AUDIT_TABLE (ID,USUARIO,TIPO,TABLA) values ('88','UBD3716','INSERT','PERSONA');
Insert into UBD3707.AUDIT_TABLE (ID,USUARIO,TIPO,TABLA) values ('89','UBD3722','INSERT','PERSONA');
Insert into UBD3707.AUDIT_TABLE (ID,USUARIO,TIPO,TABLA) values ('90','UBD3722','INSERT','PERSONA');
Insert into UBD3707.AUDIT_TABLE (ID,USUARIO,TIPO,TABLA) values ('91','UBD3722','INSERT','PERSONA');
Insert into UBD3707.AUDIT_TABLE (ID,USUARIO,TIPO,TABLA) values ('92','UBD3722','INSERT','PERSONA');
Insert into UBD3707.AUDIT_TABLE (ID,USUARIO,TIPO,TABLA) values ('93','UBD3722','INSERT','PERSONA');
Insert into UBD3707.AUDIT_TABLE (ID,USUARIO,TIPO,TABLA) values ('94','UBD3716','INSERT','PERSONA');
Insert into UBD3707.AUDIT_TABLE (ID,USUARIO,TIPO,TABLA) values ('95','UBD3716','INSERT','PERSONA');
Insert into UBD3707.AUDIT_TABLE (ID,USUARIO,TIPO,TABLA) values ('96','UBD3716','INSERT','PERSONA');
Insert into UBD3707.AUDIT_TABLE (ID,USUARIO,TIPO,TABLA) values ('97','UBD3716','INSERT','PERSONA');
Insert into UBD3707.AUDIT_TABLE (ID,USUARIO,TIPO,TABLA) values ('98','UBD3722','INSERT','PERSONA');
Insert into UBD3707.AUDIT_TABLE (ID,USUARIO,TIPO,TABLA) values ('99','UBD3722','INSERT','PERSONA');
Insert into UBD3707.AUDIT_TABLE (ID,USUARIO,TIPO,TABLA) values ('100','UBD3722','INSERT','PERSONA');
Insert into UBD3707.AUDIT_TABLE (ID,USUARIO,TIPO,TABLA) values ('101','UBD3707','DELETE','PERSONA');
Insert into UBD3707.AUDIT_TABLE (ID,USUARIO,TIPO,TABLA) values ('102','UBD3707','INSERT','PERSONA');
Insert into UBD3707.AUDIT_TABLE (ID,USUARIO,TIPO,TABLA) values ('103','UBD3707','INSERT','PERSONA');
Insert into UBD3707.AUDIT_TABLE (ID,USUARIO,TIPO,TABLA) values ('104','UBD3707','INSERT','PERSONA');
Insert into UBD3707.AUDIT_TABLE (ID,USUARIO,TIPO,TABLA) values ('105','UBD3707','INSERT','PERSONA');
Insert into UBD3707.AUDIT_TABLE (ID,USUARIO,TIPO,TABLA) values ('106','UBD3707','INSERT','PERSONA');
Insert into UBD3707.AUDIT_TABLE (ID,USUARIO,TIPO,TABLA) values ('107','UBD3707','INSERT','PERSONA');
Insert into UBD3707.AUDIT_TABLE (ID,USUARIO,TIPO,TABLA) values ('108','UBD3707','INSERT','PERSONA');
Insert into UBD3707.AUDIT_TABLE (ID,USUARIO,TIPO,TABLA) values ('109','UBD3707','INSERT','PERSONA');
Insert into UBD3707.AUDIT_TABLE (ID,USUARIO,TIPO,TABLA) values ('110','UBD3722','INSERT','PERSONA');
Insert into UBD3707.AUDIT_TABLE (ID,USUARIO,TIPO,TABLA) values ('111','UBD3722','INSERT','PERSONA');
Insert into UBD3707.AUDIT_TABLE (ID,USUARIO,TIPO,TABLA) values ('112','UBD3722','INSERT','PERSONA');
Insert into UBD3707.AUDIT_TABLE (ID,USUARIO,TIPO,TABLA) values ('113','UBD3722','INSERT','PERSONA');
Insert into UBD3707.AUDIT_TABLE (ID,USUARIO,TIPO,TABLA) values ('114','UBD3722','INSERT','PERSONA');
Insert into UBD3707.AUDIT_TABLE (ID,USUARIO,TIPO,TABLA) values ('115','UBD3722','INSERT','PERSONA');
Insert into UBD3707.AUDIT_TABLE (ID,USUARIO,TIPO,TABLA) values ('116','UBD3722','INSERT','PERSONA');
Insert into UBD3707.AUDIT_TABLE (ID,USUARIO,TIPO,TABLA) values ('117','UBD3722','INSERT','PERSONA');
Insert into UBD3707.AUDIT_TABLE (ID,USUARIO,TIPO,TABLA) values ('118','UBD3716','INSERT','PERSONA');
Insert into UBD3707.AUDIT_TABLE (ID,USUARIO,TIPO,TABLA) values ('119','UBD3716','INSERT','PERSONA');
Insert into UBD3707.AUDIT_TABLE (ID,USUARIO,TIPO,TABLA) values ('120','UBD3716','INSERT','PERSONA');
Insert into UBD3707.AUDIT_TABLE (ID,USUARIO,TIPO,TABLA) values ('121','UBD3716','INSERT','PERSONA');
Insert into UBD3707.AUDIT_TABLE (ID,USUARIO,TIPO,TABLA) values ('122','UBD3716','INSERT','PERSONA');
Insert into UBD3707.AUDIT_TABLE (ID,USUARIO,TIPO,TABLA) values ('123','UBD3716','INSERT','PERSONA');
Insert into UBD3707.AUDIT_TABLE (ID,USUARIO,TIPO,TABLA) values ('132','UBD3716','INSERT','PERSONA');
Insert into UBD3707.AUDIT_TABLE (ID,USUARIO,TIPO,TABLA) values ('133','UBD3716','INSERT','PERSONA');
Insert into UBD3707.AUDIT_TABLE (ID,USUARIO,TIPO,TABLA) values ('134','UBD3716','INSERT','PERSONA');
Insert into UBD3707.AUDIT_TABLE (ID,USUARIO,TIPO,TABLA) values ('135','UBD3716','INSERT','EMPRESA_EXTERNA');
Insert into UBD3707.AUDIT_TABLE (ID,USUARIO,TIPO,TABLA) values ('136','UBD3707','INSERT','EMPRESA_EXTERNA');
Insert into UBD3707.AUDIT_TABLE (ID,USUARIO,TIPO,TABLA) values ('137','UBD3707','INSERT','EMPRESA_EXTERNA');
Insert into UBD3707.AUDIT_TABLE (ID,USUARIO,TIPO,TABLA) values ('143','UBD3722','INSERT','EMPLEADO');
Insert into UBD3707.AUDIT_TABLE (ID,USUARIO,TIPO,TABLA) values ('144','UBD3722','INSERT','EMPLEADO');
Insert into UBD3707.AUDIT_TABLE (ID,USUARIO,TIPO,TABLA) values ('145','UBD3722','INSERT','EMPLEADO');
Insert into UBD3707.AUDIT_TABLE (ID,USUARIO,TIPO,TABLA) values ('146','UBD3722','INSERT','EMPLEADO');
Insert into UBD3707.AUDIT_TABLE (ID,USUARIO,TIPO,TABLA) values ('147','UBD3722','INSERT','EMPLEADO');
Insert into UBD3707.AUDIT_TABLE (ID,USUARIO,TIPO,TABLA) values ('148','UBD3716','INSERT','RECLUSO');
Insert into UBD3707.AUDIT_TABLE (ID,USUARIO,TIPO,TABLA) values ('149','UBD3716','INSERT','RECLUSO');
Insert into UBD3707.AUDIT_TABLE (ID,USUARIO,TIPO,TABLA) values ('150','UBD3716','INSERT','RECLUSO');
Insert into UBD3707.AUDIT_TABLE (ID,USUARIO,TIPO,TABLA) values ('151','UBD3716','INSERT','RECLUSO');
Insert into UBD3707.AUDIT_TABLE (ID,USUARIO,TIPO,TABLA) values ('152','UBD3716','INSERT','RECLUSO');
Insert into UBD3707.AUDIT_TABLE (ID,USUARIO,TIPO,TABLA) values ('161','UBD3707','INSERT','RECLUSO');
Insert into UBD3707.AUDIT_TABLE (ID,USUARIO,TIPO,TABLA) values ('162','UBD3707','INSERT','RECLUSO');
Insert into UBD3707.AUDIT_TABLE (ID,USUARIO,TIPO,TABLA) values ('163','UBD3707','INSERT','RECLUSO');
Insert into UBD3707.AUDIT_TABLE (ID,USUARIO,TIPO,TABLA) values ('164','UBD3707','INSERT','RECLUSO');
Insert into UBD3707.AUDIT_TABLE (ID,USUARIO,TIPO,TABLA) values ('165','UBD3707','INSERT','RECLUSO');
Insert into UBD3707.AUDIT_TABLE (ID,USUARIO,TIPO,TABLA) values ('166','UBD3707','INSERT','RECLUSO');
Insert into UBD3707.AUDIT_TABLE (ID,USUARIO,TIPO,TABLA) values ('167','UBD3716','INSERT','RECLUSO');
Insert into UBD3707.AUDIT_TABLE (ID,USUARIO,TIPO,TABLA) values ('173','UBD3707','INSERT','DELITOS');
Insert into UBD3707.AUDIT_TABLE (ID,USUARIO,TIPO,TABLA) values ('174','UBD3707','INSERT','DELITOS');
Insert into UBD3707.AUDIT_TABLE (ID,USUARIO,TIPO,TABLA) values ('175','UBD3707','INSERT','DELITOS');
Insert into UBD3707.AUDIT_TABLE (ID,USUARIO,TIPO,TABLA) values ('176','UBD3707','INSERT','DELITOS');
Insert into UBD3707.AUDIT_TABLE (ID,USUARIO,TIPO,TABLA) values ('177','UBD3707','INSERT','DELITOS');
Insert into UBD3707.AUDIT_TABLE (ID,USUARIO,TIPO,TABLA) values ('178','UBD3707','INSERT','DELITOS');
Insert into UBD3707.AUDIT_TABLE (ID,USUARIO,TIPO,TABLA) values ('179','UBD3716','INSERT','DELITOS');
Insert into UBD3707.AUDIT_TABLE (ID,USUARIO,TIPO,TABLA) values ('180','UBD3716','INSERT','DELITOS');
Insert into UBD3707.AUDIT_TABLE (ID,USUARIO,TIPO,TABLA) values ('181','UBD3716','INSERT','DELITOS');
Insert into UBD3707.AUDIT_TABLE (ID,USUARIO,TIPO,TABLA) values ('182','UBD3716','INSERT','DELITOS');
Insert into UBD3707.AUDIT_TABLE (ID,USUARIO,TIPO,TABLA) values ('183','UBD3716','INSERT','DELITOS');
Insert into UBD3707.AUDIT_TABLE (ID,USUARIO,TIPO,TABLA) values ('184','UBD3716','INSERT','DELITOS');
Insert into UBD3707.AUDIT_TABLE (ID,USUARIO,TIPO,TABLA) values ('185','UBD3716','INSERT','DELITOS');
Insert into UBD3707.AUDIT_TABLE (ID,USUARIO,TIPO,TABLA) values ('187','UBD3707','INSERT','ZONA_ACTIVIDADES');
Insert into UBD3707.AUDIT_TABLE (ID,USUARIO,TIPO,TABLA) values ('188','UBD3707','INSERT','ZONA_ACTIVIDADES');
Insert into UBD3707.AUDIT_TABLE (ID,USUARIO,TIPO,TABLA) values ('189','UBD3707','INSERT','VISITANTE');
Insert into UBD3707.AUDIT_TABLE (ID,USUARIO,TIPO,TABLA) values ('190','UBD3707','INSERT','VISITANTE');
Insert into UBD3707.AUDIT_TABLE (ID,USUARIO,TIPO,TABLA) values ('191','UBD3707','INSERT','VISITANTE');
Insert into UBD3707.AUDIT_TABLE (ID,USUARIO,TIPO,TABLA) values ('195','UBD3716','INSERT','GUARDIA');
Insert into UBD3707.AUDIT_TABLE (ID,USUARIO,TIPO,TABLA) values ('196','UBD3716','INSERT','GUARDIA');
Insert into UBD3707.AUDIT_TABLE (ID,USUARIO,TIPO,TABLA) values ('197','UBD3716','INSERT','GUARDIA');
Insert into UBD3707.AUDIT_TABLE (ID,USUARIO,TIPO,TABLA) values ('198','UBD3716','INSERT','GUARDIA');
Insert into UBD3707.AUDIT_TABLE (ID,USUARIO,TIPO,TABLA) values ('199','UBD3716','INSERT','GUARDIA');
Insert into UBD3707.AUDIT_TABLE (ID,USUARIO,TIPO,TABLA) values ('206','UBD3716','INSERT','LIMPIADOR');
Insert into UBD3707.AUDIT_TABLE (ID,USUARIO,TIPO,TABLA) values ('207','UBD3716','INSERT','LIMPIADOR');
Insert into UBD3707.AUDIT_TABLE (ID,USUARIO,TIPO,TABLA) values ('208','UBD3716','INSERT','LIMPIADOR');
Insert into UBD3707.AUDIT_TABLE (ID,USUARIO,TIPO,TABLA) values ('209','UBD3707','INSERT','COCINERO');
Insert into UBD3707.AUDIT_TABLE (ID,USUARIO,TIPO,TABLA) values ('210','UBD3707','INSERT','COCINERO');
Insert into UBD3707.AUDIT_TABLE (ID,USUARIO,TIPO,TABLA) values ('211','UBD3707','INSERT','COCINERO');
Insert into UBD3707.AUDIT_TABLE (ID,USUARIO,TIPO,TABLA) values ('212','UBD3716','INSERT','INGRESO_EGRESO');
Insert into UBD3707.AUDIT_TABLE (ID,USUARIO,TIPO,TABLA) values ('213','UBD3716','INSERT','INGRESO_EGRESO');
Insert into UBD3707.AUDIT_TABLE (ID,USUARIO,TIPO,TABLA) values ('214','UBD3716','INSERT','INGRESO_EGRESO');
Insert into UBD3707.AUDIT_TABLE (ID,USUARIO,TIPO,TABLA) values ('215','UBD3716','INSERT','INGRESO_EGRESO');
Insert into UBD3707.AUDIT_TABLE (ID,USUARIO,TIPO,TABLA) values ('216','UBD3716','INSERT','INGRESO_EGRESO');
Insert into UBD3707.AUDIT_TABLE (ID,USUARIO,TIPO,TABLA) values ('217','UBD3716','INSERT','INGRESO_EGRESO');
Insert into UBD3707.AUDIT_TABLE (ID,USUARIO,TIPO,TABLA) values ('223','UBD3707','INSERT','INGRESO_EGRESO');
Insert into UBD3707.AUDIT_TABLE (ID,USUARIO,TIPO,TABLA) values ('224','UBD3707','INSERT','INGRESO_EGRESO');
Insert into UBD3707.AUDIT_TABLE (ID,USUARIO,TIPO,TABLA) values ('225','UBD3707','INSERT','INGRESO_EGRESO');
Insert into UBD3707.AUDIT_TABLE (ID,USUARIO,TIPO,TABLA) values ('226','UBD3707','INSERT','INGRESO_EGRESO');
Insert into UBD3707.AUDIT_TABLE (ID,USUARIO,TIPO,TABLA) values ('227','UBD3707','INSERT','PRODUCTO');
Insert into UBD3707.AUDIT_TABLE (ID,USUARIO,TIPO,TABLA) values ('229','UBD3707','INSERT','PRODUCTO');
Insert into UBD3707.AUDIT_TABLE (ID,USUARIO,TIPO,TABLA) values ('230','UBD3707','INSERT','PRODUCTO');
Insert into UBD3707.AUDIT_TABLE (ID,USUARIO,TIPO,TABLA) values ('231','UBD3707','DELETE','PRODUCTO');
Insert into UBD3707.AUDIT_TABLE (ID,USUARIO,TIPO,TABLA) values ('232','UBD3707','DELETE','PRODUCTO');
Insert into UBD3707.AUDIT_TABLE (ID,USUARIO,TIPO,TABLA) values ('233','UBD3707','DELETE','PRODUCTO');
Insert into UBD3707.AUDIT_TABLE (ID,USUARIO,TIPO,TABLA) values ('234','UBD3716','INSERT','PRODUCTO');
Insert into UBD3707.AUDIT_TABLE (ID,USUARIO,TIPO,TABLA) values ('235','UBD3716','INSERT','PRODUCTO');
Insert into UBD3707.AUDIT_TABLE (ID,USUARIO,TIPO,TABLA) values ('236','UBD3716','INSERT','PRODUCTO');
Insert into UBD3707.AUDIT_TABLE (ID,USUARIO,TIPO,TABLA) values ('237','UBD3716','INSERT','PRODUCTO');
Insert into UBD3707.AUDIT_TABLE (ID,USUARIO,TIPO,TABLA) values ('238','UBD3716','INSERT','PRODUCTO');
Insert into UBD3707.AUDIT_TABLE (ID,USUARIO,TIPO,TABLA) values ('239','UBD3707','UPDATE','PRODUCTO');
Insert into UBD3707.AUDIT_TABLE (ID,USUARIO,TIPO,TABLA) values ('240','UBD3707','UPDATE','PRODUCTO');
Insert into UBD3707.AUDIT_TABLE (ID,USUARIO,TIPO,TABLA) values ('241','UBD3707','UPDATE','PRODUCTO');
Insert into UBD3707.AUDIT_TABLE (ID,USUARIO,TIPO,TABLA) values ('242','UBD3707','UPDATE','PRODUCTO');
Insert into UBD3707.AUDIT_TABLE (ID,USUARIO,TIPO,TABLA) values ('243','UBD3716','UPDATE','PRODUCTO');
Insert into UBD3707.AUDIT_TABLE (ID,USUARIO,TIPO,TABLA) values ('244','UBD3716','UPDATE','PRODUCTO');
Insert into UBD3707.AUDIT_TABLE (ID,USUARIO,TIPO,TABLA) values ('246','UBD3716','INSERT','RECLUSO_PERMISO_ZONA');
Insert into UBD3707.AUDIT_TABLE (ID,USUARIO,TIPO,TABLA) values ('247','UBD3716','INSERT','RECLUSO_PERMISO_ZONA');
Insert into UBD3707.AUDIT_TABLE (ID,USUARIO,TIPO,TABLA) values ('248','UBD3716','INSERT','RECLUSO_PERMISO_ZONA');
Insert into UBD3707.AUDIT_TABLE (ID,USUARIO,TIPO,TABLA) values ('249','UBD3716','INSERT','RECLUSO_PERMISO_ZONA');
Insert into UBD3707.AUDIT_TABLE (ID,USUARIO,TIPO,TABLA) values ('250','UBD3716','INSERT','RECLUSO_PERMISO_ZONA');
Insert into UBD3707.AUDIT_TABLE (ID,USUARIO,TIPO,TABLA) values ('251','UBD3707','INSERT','RECLUSO_PERMISO_ZONA');
Insert into UBD3707.AUDIT_TABLE (ID,USUARIO,TIPO,TABLA) values ('252','UBD3707','INSERT','RECLUSO_PERMISO_ZONA');
Insert into UBD3707.AUDIT_TABLE (ID,USUARIO,TIPO,TABLA) values ('291','UBD3707','INSERT','TURNO');
Insert into UBD3707.AUDIT_TABLE (ID,USUARIO,TIPO,TABLA) values ('292','UBD3707','INSERT','TURNO');
Insert into UBD3707.AUDIT_TABLE (ID,USUARIO,TIPO,TABLA) values ('293','UBD3707','INSERT','TURNO');
Insert into UBD3707.AUDIT_TABLE (ID,USUARIO,TIPO,TABLA) values ('294','UBD3707','INSERT','TURNO');
Insert into UBD3707.AUDIT_TABLE (ID,USUARIO,TIPO,TABLA) values ('295','UBD3707','INSERT','TURNO');
Insert into UBD3707.AUDIT_TABLE (ID,USUARIO,TIPO,TABLA) values ('296','UBD3707','INSERT','TURNO');
Insert into UBD3707.AUDIT_TABLE (ID,USUARIO,TIPO,TABLA) values ('297','UBD3707','INSERT','TURNO');
Insert into UBD3707.AUDIT_TABLE (ID,USUARIO,TIPO,TABLA) values ('298','UBD3707','INSERT','TURNO');
Insert into UBD3707.AUDIT_TABLE (ID,USUARIO,TIPO,TABLA) values ('299','UBD3707','INSERT','TURNO');
Insert into UBD3707.AUDIT_TABLE (ID,USUARIO,TIPO,TABLA) values ('300','UBD3707','INSERT','TURNO');
Insert into UBD3707.AUDIT_TABLE (ID,USUARIO,TIPO,TABLA) values ('301','UBD3707','INSERT','TURNO');
Insert into UBD3707.AUDIT_TABLE (ID,USUARIO,TIPO,TABLA) values ('302','UBD3707','INSERT','TURNO');
Insert into UBD3707.AUDIT_TABLE (ID,USUARIO,TIPO,TABLA) values ('303','UBD3707','INSERT','TURNO');
Insert into UBD3707.AUDIT_TABLE (ID,USUARIO,TIPO,TABLA) values ('304','UBD3707','INSERT','TURNO');
Insert into UBD3707.AUDIT_TABLE (ID,USUARIO,TIPO,TABLA) values ('305','UBD3707','INSERT','TURNO');
Insert into UBD3707.AUDIT_TABLE (ID,USUARIO,TIPO,TABLA) values ('306','UBD3707','INSERT','TURNO');
Insert into UBD3707.AUDIT_TABLE (ID,USUARIO,TIPO,TABLA) values ('307','UBD3707','INSERT','TURNO');
Insert into UBD3707.AUDIT_TABLE (ID,USUARIO,TIPO,TABLA) values ('308','UBD3707','INSERT','TURNO');
Insert into UBD3707.AUDIT_TABLE (ID,USUARIO,TIPO,TABLA) values ('309','UBD3707','INSERT','TURNO');
Insert into UBD3707.AUDIT_TABLE (ID,USUARIO,TIPO,TABLA) values ('310','UBD3707','INSERT','TURNO');
Insert into UBD3707.AUDIT_TABLE (ID,USUARIO,TIPO,TABLA) values ('311','UBD3707','INSERT','TURNO');
Insert into UBD3707.AUDIT_TABLE (ID,USUARIO,TIPO,TABLA) values ('312','UBD3707','INSERT','TURNO');
Insert into UBD3707.AUDIT_TABLE (ID,USUARIO,TIPO,TABLA) values ('313','UBD3707','INSERT','TURNO');
Insert into UBD3707.AUDIT_TABLE (ID,USUARIO,TIPO,TABLA) values ('314','UBD3707','INSERT','TURNO');
Insert into UBD3707.AUDIT_TABLE (ID,USUARIO,TIPO,TABLA) values ('315','UBD3707','INSERT','TURNO');
Insert into UBD3707.AUDIT_TABLE (ID,USUARIO,TIPO,TABLA) values ('316','UBD3707','INSERT','TURNO');
Insert into UBD3707.AUDIT_TABLE (ID,USUARIO,TIPO,TABLA) values ('317','UBD3707','INSERT','TURNO');
Insert into UBD3707.AUDIT_TABLE (ID,USUARIO,TIPO,TABLA) values ('318','UBD3707','INSERT','TURNO');
Insert into UBD3707.AUDIT_TABLE (ID,USUARIO,TIPO,TABLA) values ('319','UBD3707','INSERT','TURNO');
Insert into UBD3707.AUDIT_TABLE (ID,USUARIO,TIPO,TABLA) values ('320','UBD3707','INSERT','TURNO');
Insert into UBD3707.AUDIT_TABLE (ID,USUARIO,TIPO,TABLA) values ('391','UBD3707','INSERT','TURNO');
Insert into UBD3707.AUDIT_TABLE (ID,USUARIO,TIPO,TABLA) values ('392','UBD3707','INSERT','TURNO');
Insert into UBD3707.AUDIT_TABLE (ID,USUARIO,TIPO,TABLA) values ('395','UBD3707','INSERT','TURNO');
Insert into UBD3707.AUDIT_TABLE (ID,USUARIO,TIPO,TABLA) values ('397','UBD3707','INSERT','TURNO');
Insert into UBD3707.AUDIT_TABLE (ID,USUARIO,TIPO,TABLA) values ('400','UBD3707','INSERT','TURNO');
Insert into UBD3707.AUDIT_TABLE (ID,USUARIO,TIPO,TABLA) values ('402','UBD3707','INSERT','TURNO');
Insert into UBD3707.AUDIT_TABLE (ID,USUARIO,TIPO,TABLA) values ('405','UBD3707','INSERT','TURNO');
Insert into UBD3707.AUDIT_TABLE (ID,USUARIO,TIPO,TABLA) values ('407','UBD3707','INSERT','TURNO');
Insert into UBD3707.AUDIT_TABLE (ID,USUARIO,TIPO,TABLA) values ('409','UBD3707','INSERT','TURNO');
Insert into UBD3707.AUDIT_TABLE (ID,USUARIO,TIPO,TABLA) values ('411','UBD3707','INSERT','TURNO');
Insert into UBD3707.AUDIT_TABLE (ID,USUARIO,TIPO,TABLA) values ('413','UBD3707','INSERT','TURNO');
Insert into UBD3707.AUDIT_TABLE (ID,USUARIO,TIPO,TABLA) values ('416','UBD3707','INSERT','TURNO');
Insert into UBD3707.AUDIT_TABLE (ID,USUARIO,TIPO,TABLA) values ('417','UBD3707','INSERT','TURNO');
Insert into UBD3707.AUDIT_TABLE (ID,USUARIO,TIPO,TABLA) values ('419','UBD3707','INSERT','TURNO');
Insert into UBD3707.AUDIT_TABLE (ID,USUARIO,TIPO,TABLA) values ('421','UBD3707','INSERT','TURNO');
Insert into UBD3707.AUDIT_TABLE (ID,USUARIO,TIPO,TABLA) values ('423','UBD3707','INSERT','TURNO');
Insert into UBD3707.AUDIT_TABLE (ID,USUARIO,TIPO,TABLA) values ('426','UBD3707','INSERT','TURNO');
Insert into UBD3707.AUDIT_TABLE (ID,USUARIO,TIPO,TABLA) values ('428','UBD3707','INSERT','TURNO');
Insert into UBD3707.AUDIT_TABLE (ID,USUARIO,TIPO,TABLA) values ('431','UBD3707','INSERT','TURNO');
Insert into UBD3707.AUDIT_TABLE (ID,USUARIO,TIPO,TABLA) values ('433','UBD3707','INSERT','TURNO');
Insert into UBD3707.AUDIT_TABLE (ID,USUARIO,TIPO,TABLA) values ('434','UBD3707','INSERT','TURNO');
Insert into UBD3707.AUDIT_TABLE (ID,USUARIO,TIPO,TABLA) values ('435','UBD3707','INSERT','TURNO');
Insert into UBD3707.AUDIT_TABLE (ID,USUARIO,TIPO,TABLA) values ('436','UBD3707','INSERT','TURNO');
Insert into UBD3707.AUDIT_TABLE (ID,USUARIO,TIPO,TABLA) values ('437','UBD3707','INSERT','TURNO');
Insert into UBD3707.AUDIT_TABLE (ID,USUARIO,TIPO,TABLA) values ('438','UBD3707','INSERT','TURNO');
Insert into UBD3707.AUDIT_TABLE (ID,USUARIO,TIPO,TABLA) values ('439','UBD3707','INSERT','TURNO');
Insert into UBD3707.AUDIT_TABLE (ID,USUARIO,TIPO,TABLA) values ('440','UBD3707','INSERT','TURNO');
Insert into UBD3707.AUDIT_TABLE (ID,USUARIO,TIPO,TABLA) values ('441','UBD3707','INSERT','TURNO');
Insert into UBD3707.AUDIT_TABLE (ID,USUARIO,TIPO,TABLA) values ('442','UBD3707','INSERT','TURNO');
Insert into UBD3707.AUDIT_TABLE (ID,USUARIO,TIPO,TABLA) values ('443','UBD3707','INSERT','TURNO');
Insert into UBD3707.AUDIT_TABLE (ID,USUARIO,TIPO,TABLA) values ('595','UBD3707','UPDATE','PERSONA');
Insert into UBD3707.AUDIT_TABLE (ID,USUARIO,TIPO,TABLA) values ('256','UBD3710','INSERT','DELITOS');
Insert into UBD3707.AUDIT_TABLE (ID,USUARIO,TIPO,TABLA) values ('257','UBD3710','INSERT','DELITOS');
Insert into UBD3707.AUDIT_TABLE (ID,USUARIO,TIPO,TABLA) values ('258','UBD3710','INSERT','DELITOS');
Insert into UBD3707.AUDIT_TABLE (ID,USUARIO,TIPO,TABLA) values ('259','UBD3710','INSERT','DELITOS');
Insert into UBD3707.AUDIT_TABLE (ID,USUARIO,TIPO,TABLA) values ('269','UBD3710','INSERT','COMPRA');
Insert into UBD3707.AUDIT_TABLE (ID,USUARIO,TIPO,TABLA) values ('270','UBD3710','INSERT','COMPRA');
Insert into UBD3707.AUDIT_TABLE (ID,USUARIO,TIPO,TABLA) values ('271','UBD3710','INSERT','COMPRA');
Insert into UBD3707.AUDIT_TABLE (ID,USUARIO,TIPO,TABLA) values ('272','UBD3710','INSERT','COMPRA');
Insert into UBD3707.AUDIT_TABLE (ID,USUARIO,TIPO,TABLA) values ('273','UBD3710','INSERT','COMPRA');
Insert into UBD3707.AUDIT_TABLE (ID,USUARIO,TIPO,TABLA) values ('274','UBD3710','INSERT','COMPRA');
Insert into UBD3707.AUDIT_TABLE (ID,USUARIO,TIPO,TABLA) values ('275','UBD3710','INSERT','COMPRA');
Insert into UBD3707.AUDIT_TABLE (ID,USUARIO,TIPO,TABLA) values ('276','UBD3710','INSERT','COMPRA');
Insert into UBD3707.AUDIT_TABLE (ID,USUARIO,TIPO,TABLA) values ('277','UBD3710','INSERT','COMPRA');
Insert into UBD3707.AUDIT_TABLE (ID,USUARIO,TIPO,TABLA) values ('278','UBD3710','INSERT','COMPRA');
Insert into UBD3707.AUDIT_TABLE (ID,USUARIO,TIPO,TABLA) values ('384','UBD3710','INSERT','TURNO');
Insert into UBD3707.AUDIT_TABLE (ID,USUARIO,TIPO,TABLA) values ('385','UBD3710','INSERT','TURNO');
Insert into UBD3707.AUDIT_TABLE (ID,USUARIO,TIPO,TABLA) values ('386','UBD3710','INSERT','TURNO');
Insert into UBD3707.AUDIT_TABLE (ID,USUARIO,TIPO,TABLA) values ('387','UBD3710','INSERT','TURNO');
Insert into UBD3707.AUDIT_TABLE (ID,USUARIO,TIPO,TABLA) values ('388','UBD3710','INSERT','TURNO');
Insert into UBD3707.AUDIT_TABLE (ID,USUARIO,TIPO,TABLA) values ('389','UBD3710','INSERT','TURNO');
Insert into UBD3707.AUDIT_TABLE (ID,USUARIO,TIPO,TABLA) values ('390','UBD3710','INSERT','TURNO');
Insert into UBD3707.AUDIT_TABLE (ID,USUARIO,TIPO,TABLA) values ('393','UBD3710','INSERT','TURNO');
Insert into UBD3707.AUDIT_TABLE (ID,USUARIO,TIPO,TABLA) values ('394','UBD3710','INSERT','TURNO');
Insert into UBD3707.AUDIT_TABLE (ID,USUARIO,TIPO,TABLA) values ('396','UBD3710','INSERT','TURNO');
Insert into UBD3707.AUDIT_TABLE (ID,USUARIO,TIPO,TABLA) values ('398','UBD3710','INSERT','TURNO');
Insert into UBD3707.AUDIT_TABLE (ID,USUARIO,TIPO,TABLA) values ('399','UBD3710','INSERT','TURNO');
Insert into UBD3707.AUDIT_TABLE (ID,USUARIO,TIPO,TABLA) values ('401','UBD3710','INSERT','TURNO');
Insert into UBD3707.AUDIT_TABLE (ID,USUARIO,TIPO,TABLA) values ('403','UBD3710','INSERT','TURNO');
Insert into UBD3707.AUDIT_TABLE (ID,USUARIO,TIPO,TABLA) values ('404','UBD3710','INSERT','TURNO');
Insert into UBD3707.AUDIT_TABLE (ID,USUARIO,TIPO,TABLA) values ('406','UBD3710','INSERT','TURNO');
Insert into UBD3707.AUDIT_TABLE (ID,USUARIO,TIPO,TABLA) values ('408','UBD3710','INSERT','TURNO');
Insert into UBD3707.AUDIT_TABLE (ID,USUARIO,TIPO,TABLA) values ('410','UBD3710','INSERT','TURNO');
Insert into UBD3707.AUDIT_TABLE (ID,USUARIO,TIPO,TABLA) values ('412','UBD3710','INSERT','TURNO');
Insert into UBD3707.AUDIT_TABLE (ID,USUARIO,TIPO,TABLA) values ('414','UBD3710','INSERT','TURNO');
Insert into UBD3707.AUDIT_TABLE (ID,USUARIO,TIPO,TABLA) values ('415','UBD3710','INSERT','TURNO');
Insert into UBD3707.AUDIT_TABLE (ID,USUARIO,TIPO,TABLA) values ('418','UBD3710','INSERT','TURNO');
Insert into UBD3707.AUDIT_TABLE (ID,USUARIO,TIPO,TABLA) values ('420','UBD3710','INSERT','TURNO');
Insert into UBD3707.AUDIT_TABLE (ID,USUARIO,TIPO,TABLA) values ('422','UBD3710','INSERT','TURNO');
Insert into UBD3707.AUDIT_TABLE (ID,USUARIO,TIPO,TABLA) values ('424','UBD3710','INSERT','TURNO');
Insert into UBD3707.AUDIT_TABLE (ID,USUARIO,TIPO,TABLA) values ('425','UBD3710','INSERT','TURNO');
Insert into UBD3707.AUDIT_TABLE (ID,USUARIO,TIPO,TABLA) values ('427','UBD3710','INSERT','TURNO');
Insert into UBD3707.AUDIT_TABLE (ID,USUARIO,TIPO,TABLA) values ('429','UBD3710','INSERT','TURNO');
Insert into UBD3707.AUDIT_TABLE (ID,USUARIO,TIPO,TABLA) values ('430','UBD3710','INSERT','TURNO');
Insert into UBD3707.AUDIT_TABLE (ID,USUARIO,TIPO,TABLA) values ('432','UBD3710','INSERT','TURNO');
Insert into UBD3707.AUDIT_TABLE (ID,USUARIO,TIPO,TABLA) values ('444','UBD3710','INSERT','TURNO');
Insert into UBD3707.AUDIT_TABLE (ID,USUARIO,TIPO,TABLA) values ('445','UBD3710','INSERT','TURNO');
Insert into UBD3707.AUDIT_TABLE (ID,USUARIO,TIPO,TABLA) values ('446','UBD3710','INSERT','TURNO');
Insert into UBD3707.AUDIT_TABLE (ID,USUARIO,TIPO,TABLA) values ('447','UBD3710','INSERT','TURNO');
Insert into UBD3707.AUDIT_TABLE (ID,USUARIO,TIPO,TABLA) values ('448','UBD3710','INSERT','TURNO');
Insert into UBD3707.AUDIT_TABLE (ID,USUARIO,TIPO,TABLA) values ('449','UBD3710','INSERT','TURNO');
Insert into UBD3707.AUDIT_TABLE (ID,USUARIO,TIPO,TABLA) values ('450','UBD3710','INSERT','TURNO');
Insert into UBD3707.AUDIT_TABLE (ID,USUARIO,TIPO,TABLA) values ('451','UBD3710','INSERT','TURNO');
Insert into UBD3707.AUDIT_TABLE (ID,USUARIO,TIPO,TABLA) values ('452','UBD3710','INSERT','TURNO');
Insert into UBD3707.AUDIT_TABLE (ID,USUARIO,TIPO,TABLA) values ('453','UBD3710','INSERT','TURNO');
Insert into UBD3707.AUDIT_TABLE (ID,USUARIO,TIPO,TABLA) values ('454','UBD3710','INSERT','TURNO');
Insert into UBD3707.AUDIT_TABLE (ID,USUARIO,TIPO,TABLA) values ('455','UBD3710','INSERT','TURNO');
Insert into UBD3707.AUDIT_TABLE (ID,USUARIO,TIPO,TABLA) values ('456','UBD3710','INSERT','TURNO');
Insert into UBD3707.AUDIT_TABLE (ID,USUARIO,TIPO,TABLA) values ('457','UBD3710','INSERT','TURNO');
Insert into UBD3707.AUDIT_TABLE (ID,USUARIO,TIPO,TABLA) values ('458','UBD3710','INSERT','TURNO');
Insert into UBD3707.AUDIT_TABLE (ID,USUARIO,TIPO,TABLA) values ('459','UBD3710','INSERT','TURNO');
Insert into UBD3707.AUDIT_TABLE (ID,USUARIO,TIPO,TABLA) values ('460','UBD3710','INSERT','TURNO');
Insert into UBD3707.AUDIT_TABLE (ID,USUARIO,TIPO,TABLA) values ('461','UBD3710','INSERT','TURNO');
Insert into UBD3707.AUDIT_TABLE (ID,USUARIO,TIPO,TABLA) values ('462','UBD3710','INSERT','TURNO');
Insert into UBD3707.AUDIT_TABLE (ID,USUARIO,TIPO,TABLA) values ('463','UBD3710','INSERT','TURNO');
Insert into UBD3707.AUDIT_TABLE (ID,USUARIO,TIPO,TABLA) values ('464','UBD3710','INSERT','TURNO');
Insert into UBD3707.AUDIT_TABLE (ID,USUARIO,TIPO,TABLA) values ('465','UBD3710','INSERT','TURNO');
Insert into UBD3707.AUDIT_TABLE (ID,USUARIO,TIPO,TABLA) values ('466','UBD3710','INSERT','TURNO');
Insert into UBD3707.AUDIT_TABLE (ID,USUARIO,TIPO,TABLA) values ('467','UBD3710','INSERT','TURNO');
Insert into UBD3707.AUDIT_TABLE (ID,USUARIO,TIPO,TABLA) values ('468','UBD3710','INSERT','TURNO');
Insert into UBD3707.AUDIT_TABLE (ID,USUARIO,TIPO,TABLA) values ('469','UBD3710','INSERT','TURNO');
Insert into UBD3707.AUDIT_TABLE (ID,USUARIO,TIPO,TABLA) values ('470','UBD3710','INSERT','TURNO');
Insert into UBD3707.AUDIT_TABLE (ID,USUARIO,TIPO,TABLA) values ('471','UBD3710','INSERT','TURNO');
Insert into UBD3707.AUDIT_TABLE (ID,USUARIO,TIPO,TABLA) values ('472','UBD3710','INSERT','TURNO');
Insert into UBD3707.AUDIT_TABLE (ID,USUARIO,TIPO,TABLA) values ('473','UBD3710','INSERT','TURNO');
Insert into UBD3707.AUDIT_TABLE (ID,USUARIO,TIPO,TABLA) values ('474','UBD3710','INSERT','TURNO');
Insert into UBD3707.AUDIT_TABLE (ID,USUARIO,TIPO,TABLA) values ('475','UBD3710','INSERT','TURNO');
Insert into UBD3707.AUDIT_TABLE (ID,USUARIO,TIPO,TABLA) values ('476','UBD3710','INSERT','TURNO');
Insert into UBD3707.AUDIT_TABLE (ID,USUARIO,TIPO,TABLA) values ('477','UBD3710','INSERT','TURNO');
Insert into UBD3707.AUDIT_TABLE (ID,USUARIO,TIPO,TABLA) values ('478','UBD3710','INSERT','TURNO');
Insert into UBD3707.AUDIT_TABLE (ID,USUARIO,TIPO,TABLA) values ('479','UBD3710','INSERT','TURNO');
Insert into UBD3707.AUDIT_TABLE (ID,USUARIO,TIPO,TABLA) values ('480','UBD3710','INSERT','TURNO');
Insert into UBD3707.AUDIT_TABLE (ID,USUARIO,TIPO,TABLA) values ('481','UBD3710','INSERT','TURNO');
Insert into UBD3707.AUDIT_TABLE (ID,USUARIO,TIPO,TABLA) values ('482','UBD3710','INSERT','TURNO');
Insert into UBD3707.AUDIT_TABLE (ID,USUARIO,TIPO,TABLA) values ('483','UBD3710','INSERT','TURNO');
Insert into UBD3707.AUDIT_TABLE (ID,USUARIO,TIPO,TABLA) values ('484','UBD3710','INSERT','TURNO');
Insert into UBD3707.AUDIT_TABLE (ID,USUARIO,TIPO,TABLA) values ('485','UBD3710','INSERT','TURNO');
Insert into UBD3707.AUDIT_TABLE (ID,USUARIO,TIPO,TABLA) values ('486','UBD3710','INSERT','TURNO');
Insert into UBD3707.AUDIT_TABLE (ID,USUARIO,TIPO,TABLA) values ('487','UBD3710','INSERT','TURNO');
Insert into UBD3707.AUDIT_TABLE (ID,USUARIO,TIPO,TABLA) values ('488','UBD3710','INSERT','TURNO');
Insert into UBD3707.AUDIT_TABLE (ID,USUARIO,TIPO,TABLA) values ('489','UBD3710','INSERT','TURNO');
Insert into UBD3707.AUDIT_TABLE (ID,USUARIO,TIPO,TABLA) values ('490','UBD3710','INSERT','TURNO');
Insert into UBD3707.AUDIT_TABLE (ID,USUARIO,TIPO,TABLA) values ('491','UBD3710','INSERT','TURNO');
Insert into UBD3707.AUDIT_TABLE (ID,USUARIO,TIPO,TABLA) values ('492','UBD3710','INSERT','TURNO');
Insert into UBD3707.AUDIT_TABLE (ID,USUARIO,TIPO,TABLA) values ('493','UBD3710','INSERT','TURNO');
Insert into UBD3707.AUDIT_TABLE (ID,USUARIO,TIPO,TABLA) values ('494','UBD3710','INSERT','TURNO');
Insert into UBD3707.AUDIT_TABLE (ID,USUARIO,TIPO,TABLA) values ('495','UBD3710','INSERT','TURNO');
Insert into UBD3707.AUDIT_TABLE (ID,USUARIO,TIPO,TABLA) values ('496','UBD3710','INSERT','TURNO');
Insert into UBD3707.AUDIT_TABLE (ID,USUARIO,TIPO,TABLA) values ('497','UBD3710','INSERT','TURNO');
Insert into UBD3707.AUDIT_TABLE (ID,USUARIO,TIPO,TABLA) values ('498','UBD3710','INSERT','TURNO');
Insert into UBD3707.AUDIT_TABLE (ID,USUARIO,TIPO,TABLA) values ('499','UBD3710','INSERT','TURNO');
Insert into UBD3707.AUDIT_TABLE (ID,USUARIO,TIPO,TABLA) values ('500','UBD3710','INSERT','TURNO');
Insert into UBD3707.AUDIT_TABLE (ID,USUARIO,TIPO,TABLA) values ('501','UBD3710','INSERT','TURNO');
Insert into UBD3707.AUDIT_TABLE (ID,USUARIO,TIPO,TABLA) values ('502','UBD3710','INSERT','TURNO');
Insert into UBD3707.AUDIT_TABLE (ID,USUARIO,TIPO,TABLA) values ('503','UBD3710','INSERT','TURNO');
Insert into UBD3707.AUDIT_TABLE (ID,USUARIO,TIPO,TABLA) values ('279','UBD3722','INSERT','DELITOS');
Insert into UBD3707.AUDIT_TABLE (ID,USUARIO,TIPO,TABLA) values ('280','UBD3722','INSERT','DELITOS');
Insert into UBD3707.AUDIT_TABLE (ID,USUARIO,TIPO,TABLA) values ('281','UBD3722','INSERT','DELITOS');
Insert into UBD3707.AUDIT_TABLE (ID,USUARIO,TIPO,TABLA) values ('282','UBD3722','INSERT','DELITOS');
Insert into UBD3707.AUDIT_TABLE (ID,USUARIO,TIPO,TABLA) values ('283','UBD3722','INSERT','DELITOS');
Insert into UBD3707.AUDIT_TABLE (ID,USUARIO,TIPO,TABLA) values ('284','UBD3722','INSERT','DELITOS');
Insert into UBD3707.AUDIT_TABLE (ID,USUARIO,TIPO,TABLA) values ('285','UBD3722','INSERT','DELITOS');
Insert into UBD3707.AUDIT_TABLE (ID,USUARIO,TIPO,TABLA) values ('286','UBD3722','INSERT','INGRESO_EGRESO');
Insert into UBD3707.AUDIT_TABLE (ID,USUARIO,TIPO,TABLA) values ('287','UBD3722','INSERT','INGRESO_EGRESO');
Insert into UBD3707.AUDIT_TABLE (ID,USUARIO,TIPO,TABLA) values ('288','UBD3722','INSERT','INGRESO_EGRESO');
Insert into UBD3707.AUDIT_TABLE (ID,USUARIO,TIPO,TABLA) values ('289','UBD3722','INSERT','INGRESO_EGRESO');
Insert into UBD3707.AUDIT_TABLE (ID,USUARIO,TIPO,TABLA) values ('290','UBD3722','INSERT','INGRESO_EGRESO');
Insert into UBD3707.AUDIT_TABLE (ID,USUARIO,TIPO,TABLA) values ('321','UBD3722','INSERT','SUBCONTRATA');
Insert into UBD3707.AUDIT_TABLE (ID,USUARIO,TIPO,TABLA) values ('322','UBD3722','INSERT','SUBCONTRATA');
Insert into UBD3707.AUDIT_TABLE (ID,USUARIO,TIPO,TABLA) values ('353','UBD3722','INSERT','SUBCONTRATA');
Insert into UBD3707.AUDIT_TABLE (ID,USUARIO,TIPO,TABLA) values ('504','UBD3722','INSERT','TURNO');
Insert into UBD3707.AUDIT_TABLE (ID,USUARIO,TIPO,TABLA) values ('505','UBD3722','INSERT','TURNO');
Insert into UBD3707.AUDIT_TABLE (ID,USUARIO,TIPO,TABLA) values ('506','UBD3722','INSERT','TURNO');
Insert into UBD3707.AUDIT_TABLE (ID,USUARIO,TIPO,TABLA) values ('507','UBD3722','INSERT','TURNO');
Insert into UBD3707.AUDIT_TABLE (ID,USUARIO,TIPO,TABLA) values ('508','UBD3722','INSERT','TURNO');
Insert into UBD3707.AUDIT_TABLE (ID,USUARIO,TIPO,TABLA) values ('509','UBD3722','INSERT','TURNO');
Insert into UBD3707.AUDIT_TABLE (ID,USUARIO,TIPO,TABLA) values ('510','UBD3722','INSERT','TURNO');
Insert into UBD3707.AUDIT_TABLE (ID,USUARIO,TIPO,TABLA) values ('511','UBD3722','INSERT','TURNO');
Insert into UBD3707.AUDIT_TABLE (ID,USUARIO,TIPO,TABLA) values ('512','UBD3722','INSERT','TURNO');
Insert into UBD3707.AUDIT_TABLE (ID,USUARIO,TIPO,TABLA) values ('513','UBD3722','INSERT','TURNO');
Insert into UBD3707.AUDIT_TABLE (ID,USUARIO,TIPO,TABLA) values ('514','UBD3722','INSERT','TURNO');
Insert into UBD3707.AUDIT_TABLE (ID,USUARIO,TIPO,TABLA) values ('515','UBD3722','INSERT','TURNO');
Insert into UBD3707.AUDIT_TABLE (ID,USUARIO,TIPO,TABLA) values ('516','UBD3722','INSERT','TURNO');
Insert into UBD3707.AUDIT_TABLE (ID,USUARIO,TIPO,TABLA) values ('517','UBD3722','INSERT','TURNO');
Insert into UBD3707.AUDIT_TABLE (ID,USUARIO,TIPO,TABLA) values ('518','UBD3722','INSERT','TURNO');
Insert into UBD3707.AUDIT_TABLE (ID,USUARIO,TIPO,TABLA) values ('519','UBD3722','INSERT','TURNO');
Insert into UBD3707.AUDIT_TABLE (ID,USUARIO,TIPO,TABLA) values ('520','UBD3722','INSERT','TURNO');
Insert into UBD3707.AUDIT_TABLE (ID,USUARIO,TIPO,TABLA) values ('521','UBD3722','INSERT','TURNO');
Insert into UBD3707.AUDIT_TABLE (ID,USUARIO,TIPO,TABLA) values ('522','UBD3722','INSERT','TURNO');
Insert into UBD3707.AUDIT_TABLE (ID,USUARIO,TIPO,TABLA) values ('523','UBD3722','INSERT','TURNO');
Insert into UBD3707.AUDIT_TABLE (ID,USUARIO,TIPO,TABLA) values ('524','UBD3722','INSERT','TURNO');
Insert into UBD3707.AUDIT_TABLE (ID,USUARIO,TIPO,TABLA) values ('525','UBD3722','INSERT','TURNO');
Insert into UBD3707.AUDIT_TABLE (ID,USUARIO,TIPO,TABLA) values ('526','UBD3722','INSERT','TURNO');
Insert into UBD3707.AUDIT_TABLE (ID,USUARIO,TIPO,TABLA) values ('527','UBD3722','INSERT','TURNO');
Insert into UBD3707.AUDIT_TABLE (ID,USUARIO,TIPO,TABLA) values ('528','UBD3722','INSERT','TURNO');
Insert into UBD3707.AUDIT_TABLE (ID,USUARIO,TIPO,TABLA) values ('529','UBD3722','INSERT','TURNO');
Insert into UBD3707.AUDIT_TABLE (ID,USUARIO,TIPO,TABLA) values ('530','UBD3722','INSERT','TURNO');
Insert into UBD3707.AUDIT_TABLE (ID,USUARIO,TIPO,TABLA) values ('531','UBD3722','INSERT','TURNO');
Insert into UBD3707.AUDIT_TABLE (ID,USUARIO,TIPO,TABLA) values ('532','UBD3722','INSERT','TURNO');
Insert into UBD3707.AUDIT_TABLE (ID,USUARIO,TIPO,TABLA) values ('533','UBD3722','INSERT','TURNO');
Insert into UBD3707.AUDIT_TABLE (ID,USUARIO,TIPO,TABLA) values ('534','UBD3722','INSERT','TURNO');
Insert into UBD3707.AUDIT_TABLE (ID,USUARIO,TIPO,TABLA) values ('535','UBD3722','INSERT','TURNO');
Insert into UBD3707.AUDIT_TABLE (ID,USUARIO,TIPO,TABLA) values ('536','UBD3722','INSERT','TURNO');
Insert into UBD3707.AUDIT_TABLE (ID,USUARIO,TIPO,TABLA) values ('537','UBD3722','INSERT','TURNO');
Insert into UBD3707.AUDIT_TABLE (ID,USUARIO,TIPO,TABLA) values ('538','UBD3722','INSERT','TURNO');
Insert into UBD3707.AUDIT_TABLE (ID,USUARIO,TIPO,TABLA) values ('539','UBD3722','INSERT','TURNO');
Insert into UBD3707.AUDIT_TABLE (ID,USUARIO,TIPO,TABLA) values ('540','UBD3722','INSERT','TURNO');
Insert into UBD3707.AUDIT_TABLE (ID,USUARIO,TIPO,TABLA) values ('541','UBD3722','INSERT','TURNO');
Insert into UBD3707.AUDIT_TABLE (ID,USUARIO,TIPO,TABLA) values ('542','UBD3722','INSERT','TURNO');
Insert into UBD3707.AUDIT_TABLE (ID,USUARIO,TIPO,TABLA) values ('543','UBD3722','INSERT','TURNO');
Insert into UBD3707.AUDIT_TABLE (ID,USUARIO,TIPO,TABLA) values ('544','UBD3722','INSERT','TURNO');
Insert into UBD3707.AUDIT_TABLE (ID,USUARIO,TIPO,TABLA) values ('545','UBD3722','INSERT','TURNO');
Insert into UBD3707.AUDIT_TABLE (ID,USUARIO,TIPO,TABLA) values ('546','UBD3722','INSERT','TURNO');
Insert into UBD3707.AUDIT_TABLE (ID,USUARIO,TIPO,TABLA) values ('547','UBD3722','INSERT','TURNO');
Insert into UBD3707.AUDIT_TABLE (ID,USUARIO,TIPO,TABLA) values ('548','UBD3722','INSERT','TURNO');
Insert into UBD3707.AUDIT_TABLE (ID,USUARIO,TIPO,TABLA) values ('549','UBD3722','INSERT','TURNO');
Insert into UBD3707.AUDIT_TABLE (ID,USUARIO,TIPO,TABLA) values ('550','UBD3722','INSERT','TURNO');
Insert into UBD3707.AUDIT_TABLE (ID,USUARIO,TIPO,TABLA) values ('551','UBD3722','INSERT','TURNO');
Insert into UBD3707.AUDIT_TABLE (ID,USUARIO,TIPO,TABLA) values ('552','UBD3722','INSERT','TURNO');
Insert into UBD3707.AUDIT_TABLE (ID,USUARIO,TIPO,TABLA) values ('553','UBD3722','INSERT','TURNO');
Insert into UBD3707.AUDIT_TABLE (ID,USUARIO,TIPO,TABLA) values ('554','UBD3722','INSERT','TURNO');
Insert into UBD3707.AUDIT_TABLE (ID,USUARIO,TIPO,TABLA) values ('555','UBD3722','INSERT','TURNO');
Insert into UBD3707.AUDIT_TABLE (ID,USUARIO,TIPO,TABLA) values ('556','UBD3722','INSERT','TURNO');
Insert into UBD3707.AUDIT_TABLE (ID,USUARIO,TIPO,TABLA) values ('557','UBD3722','INSERT','TURNO');
Insert into UBD3707.AUDIT_TABLE (ID,USUARIO,TIPO,TABLA) values ('558','UBD3722','INSERT','TURNO');
Insert into UBD3707.AUDIT_TABLE (ID,USUARIO,TIPO,TABLA) values ('559','UBD3722','INSERT','TURNO');
Insert into UBD3707.AUDIT_TABLE (ID,USUARIO,TIPO,TABLA) values ('560','UBD3722','INSERT','TURNO');
Insert into UBD3707.AUDIT_TABLE (ID,USUARIO,TIPO,TABLA) values ('561','UBD3722','INSERT','TURNO');
Insert into UBD3707.AUDIT_TABLE (ID,USUARIO,TIPO,TABLA) values ('562','UBD3722','INSERT','TURNO');
Insert into UBD3707.AUDIT_TABLE (ID,USUARIO,TIPO,TABLA) values ('563','UBD3722','INSERT','TURNO');
Insert into UBD3707.AUDIT_TABLE (ID,USUARIO,TIPO,TABLA) values ('564','UBD3722','INSERT','TURNO');
Insert into UBD3707.AUDIT_TABLE (ID,USUARIO,TIPO,TABLA) values ('565','UBD3722','INSERT','TURNO');
Insert into UBD3707.AUDIT_TABLE (ID,USUARIO,TIPO,TABLA) values ('566','UBD3722','INSERT','TURNO');
Insert into UBD3707.AUDIT_TABLE (ID,USUARIO,TIPO,TABLA) values ('567','UBD3722','INSERT','TURNO');
Insert into UBD3707.AUDIT_TABLE (ID,USUARIO,TIPO,TABLA) values ('568','UBD3722','INSERT','TURNO');
Insert into UBD3707.AUDIT_TABLE (ID,USUARIO,TIPO,TABLA) values ('569','UBD3722','INSERT','TURNO');
Insert into UBD3707.AUDIT_TABLE (ID,USUARIO,TIPO,TABLA) values ('570','UBD3722','INSERT','TURNO');
Insert into UBD3707.AUDIT_TABLE (ID,USUARIO,TIPO,TABLA) values ('571','UBD3722','INSERT','TURNO');
Insert into UBD3707.AUDIT_TABLE (ID,USUARIO,TIPO,TABLA) values ('572','UBD3722','INSERT','TURNO');
Insert into UBD3707.AUDIT_TABLE (ID,USUARIO,TIPO,TABLA) values ('573','UBD3722','INSERT','TURNO');
Insert into UBD3707.AUDIT_TABLE (ID,USUARIO,TIPO,TABLA) values ('574','UBD3722','INSERT','TURNO');
Insert into UBD3707.AUDIT_TABLE (ID,USUARIO,TIPO,TABLA) values ('575','UBD3722','INSERT','TURNO');
Insert into UBD3707.AUDIT_TABLE (ID,USUARIO,TIPO,TABLA) values ('576','UBD3722','INSERT','TURNO');
Insert into UBD3707.AUDIT_TABLE (ID,USUARIO,TIPO,TABLA) values ('577','UBD3722','INSERT','TURNO');
Insert into UBD3707.AUDIT_TABLE (ID,USUARIO,TIPO,TABLA) values ('578','UBD3722','INSERT','TURNO');
Insert into UBD3707.AUDIT_TABLE (ID,USUARIO,TIPO,TABLA) values ('579','UBD3722','INSERT','TURNO');
Insert into UBD3707.AUDIT_TABLE (ID,USUARIO,TIPO,TABLA) values ('580','UBD3722','INSERT','TURNO');
Insert into UBD3707.AUDIT_TABLE (ID,USUARIO,TIPO,TABLA) values ('581','UBD3722','INSERT','TURNO');
Insert into UBD3707.AUDIT_TABLE (ID,USUARIO,TIPO,TABLA) values ('582','UBD3722','INSERT','TURNO');
Insert into UBD3707.AUDIT_TABLE (ID,USUARIO,TIPO,TABLA) values ('583','UBD3722','INSERT','TURNO');
Insert into UBD3707.AUDIT_TABLE (ID,USUARIO,TIPO,TABLA) values ('584','UBD3722','INSERT','TURNO');
Insert into UBD3707.AUDIT_TABLE (ID,USUARIO,TIPO,TABLA) values ('585','UBD3722','INSERT','TURNO');
Insert into UBD3707.AUDIT_TABLE (ID,USUARIO,TIPO,TABLA) values ('586','UBD3722','INSERT','TURNO');
Insert into UBD3707.AUDIT_TABLE (ID,USUARIO,TIPO,TABLA) values ('587','UBD3722','INSERT','TURNO');
Insert into UBD3707.AUDIT_TABLE (ID,USUARIO,TIPO,TABLA) values ('588','UBD3722','INSERT','TURNO');
Insert into UBD3707.AUDIT_TABLE (ID,USUARIO,TIPO,TABLA) values ('589','UBD3722','INSERT','TURNO');
Insert into UBD3707.AUDIT_TABLE (ID,USUARIO,TIPO,TABLA) values ('590','UBD3722','INSERT','TURNO');
Insert into UBD3707.AUDIT_TABLE (ID,USUARIO,TIPO,TABLA) values ('591','UBD3722','INSERT','TURNO');
Insert into UBD3707.AUDIT_TABLE (ID,USUARIO,TIPO,TABLA) values ('592','UBD3722','INSERT','TURNO');
Insert into UBD3707.AUDIT_TABLE (ID,USUARIO,TIPO,TABLA) values ('593','UBD3722','INSERT','TURNO');
Insert into UBD3707.AUDIT_TABLE (ID,USUARIO,TIPO,TABLA) values ('594','UBD3722','INSERT','MEDICO');
Insert into UBD3707.AUDIT_TABLE (ID,USUARIO,TIPO,TABLA) values ('596','UBD3722','INSERT','VISITA');
Insert into UBD3707.AUDIT_TABLE (ID,USUARIO,TIPO,TABLA) values ('597','UBD3722','INSERT','VISITA');
Insert into UBD3707.AUDIT_TABLE (ID,USUARIO,TIPO,TABLA) values ('598','UBD3722','INSERT','VISITA');
Insert into UBD3707.AUDIT_TABLE (ID,USUARIO,TIPO,TABLA) values ('599','UBD3722','INSERT','VISITA');
Insert into UBD3707.AUDIT_TABLE (ID,USUARIO,TIPO,TABLA) values ('600','UBD3722','INSERT','VISITA');
REM INSERTING into UBD3707.CARCEL
SET DEFINE OFF;
Insert into UBD3707.CARCEL (COD_CARCEL,NOMBRE,EMAIL,TELEFONO,DIRECCION) values ('98212558','ALCARAZ','acalcutt0@carcelSpain.com','91567406','Madrid V. Ctra. Comarcal 611');
REM INSERTING into UBD3707.CELDA
SET DEFINE OFF;
Insert into UBD3707.CELDA (OCUPANTES_MAX,ID_CELDA,PLANTA,ID_MODULO) values ('2','11','1','2');
Insert into UBD3707.CELDA (OCUPANTES_MAX,ID_CELDA,PLANTA,ID_MODULO) values ('4','12','2','2');
Insert into UBD3707.CELDA (OCUPANTES_MAX,ID_CELDA,PLANTA,ID_MODULO) values ('6','13','1','1');
Insert into UBD3707.CELDA (OCUPANTES_MAX,ID_CELDA,PLANTA,ID_MODULO) values ('1','1','1','3');
Insert into UBD3707.CELDA (OCUPANTES_MAX,ID_CELDA,PLANTA,ID_MODULO) values ('1','2','1','3');
Insert into UBD3707.CELDA (OCUPANTES_MAX,ID_CELDA,PLANTA,ID_MODULO) values ('1','3','2','3');
Insert into UBD3707.CELDA (OCUPANTES_MAX,ID_CELDA,PLANTA,ID_MODULO) values ('1','4','3','2');
Insert into UBD3707.CELDA (OCUPANTES_MAX,ID_CELDA,PLANTA,ID_MODULO) values ('1','5','1','2');
Insert into UBD3707.CELDA (OCUPANTES_MAX,ID_CELDA,PLANTA,ID_MODULO) values ('1','6','1','2');
Insert into UBD3707.CELDA (OCUPANTES_MAX,ID_CELDA,PLANTA,ID_MODULO) values ('2','7','3','2');
Insert into UBD3707.CELDA (OCUPANTES_MAX,ID_CELDA,PLANTA,ID_MODULO) values ('2','8','3','2');
Insert into UBD3707.CELDA (OCUPANTES_MAX,ID_CELDA,PLANTA,ID_MODULO) values ('2','9','3','2');
Insert into UBD3707.CELDA (OCUPANTES_MAX,ID_CELDA,PLANTA,ID_MODULO) values ('5','10','2','1');
REM INSERTING into UBD3707.COCINERO
SET DEFINE OFF;
Insert into UBD3707.COCINERO (NIF) values ('02437685F');
Insert into UBD3707.COCINERO (NIF) values ('20579253A');
Insert into UBD3707.COCINERO (NIF) values ('40235498B');
REM INSERTING into UBD3707.COMPRA
SET DEFINE OFF;
Insert into UBD3707.COMPRA (RECLUSO_NIF,ID_PRODUCTO,FECHA_DE_COMPRA,CANTIDAD,COD_COMPRA) values ('66643155B','1',to_date('12/12/22 00:00:00','DD/MM/RR HH24:MI:SS'),'3','1');
Insert into UBD3707.COMPRA (RECLUSO_NIF,ID_PRODUCTO,FECHA_DE_COMPRA,CANTIDAD,COD_COMPRA) values ('13621202G','4',to_date('21/12/22 00:00:00','DD/MM/RR HH24:MI:SS'),'2','2');
Insert into UBD3707.COMPRA (RECLUSO_NIF,ID_PRODUCTO,FECHA_DE_COMPRA,CANTIDAD,COD_COMPRA) values ('20579253A','2',to_date('15/12/22 00:00:00','DD/MM/RR HH24:MI:SS'),'1','3');
Insert into UBD3707.COMPRA (RECLUSO_NIF,ID_PRODUCTO,FECHA_DE_COMPRA,CANTIDAD,COD_COMPRA) values ('40235498B','2',to_date('12/12/22 00:00:00','DD/MM/RR HH24:MI:SS'),'1','4');
Insert into UBD3707.COMPRA (RECLUSO_NIF,ID_PRODUCTO,FECHA_DE_COMPRA,CANTIDAD,COD_COMPRA) values ('26259491T','2',to_date('02/12/22 00:00:00','DD/MM/RR HH24:MI:SS'),'1','5');
Insert into UBD3707.COMPRA (RECLUSO_NIF,ID_PRODUCTO,FECHA_DE_COMPRA,CANTIDAD,COD_COMPRA) values ('28882141Y','3',to_date('02/12/22 00:00:00','DD/MM/RR HH24:MI:SS'),'1','6');
Insert into UBD3707.COMPRA (RECLUSO_NIF,ID_PRODUCTO,FECHA_DE_COMPRA,CANTIDAD,COD_COMPRA) values ('40235498B','2',to_date('21/12/22 00:00:00','DD/MM/RR HH24:MI:SS'),'1','7');
Insert into UBD3707.COMPRA (RECLUSO_NIF,ID_PRODUCTO,FECHA_DE_COMPRA,CANTIDAD,COD_COMPRA) values ('26259491T','4',to_date('15/12/22 00:00:00','DD/MM/RR HH24:MI:SS'),'1','8');
Insert into UBD3707.COMPRA (RECLUSO_NIF,ID_PRODUCTO,FECHA_DE_COMPRA,CANTIDAD,COD_COMPRA) values ('40235498B','1',to_date('15/12/22 00:00:00','DD/MM/RR HH24:MI:SS'),'1','9');
Insert into UBD3707.COMPRA (RECLUSO_NIF,ID_PRODUCTO,FECHA_DE_COMPRA,CANTIDAD,COD_COMPRA) values ('26259491T','2',to_date('02/12/22 00:00:00','DD/MM/RR HH24:MI:SS'),'1','10');
REM INSERTING into UBD3707.DELITOS
SET DEFINE OFF;
Insert into UBD3707.DELITOS (NIF,TIPO_DELITO,ID,FECHA_DELITO) values ('38521959H','1','1',to_date('09/11/99 00:00:00','DD/MM/RR HH24:MI:SS'));
Insert into UBD3707.DELITOS (NIF,TIPO_DELITO,ID,FECHA_DELITO) values ('72781128C','2','2',to_date('01/09/22 00:00:00','DD/MM/RR HH24:MI:SS'));
Insert into UBD3707.DELITOS (NIF,TIPO_DELITO,ID,FECHA_DELITO) values ('42472712S','3','3',to_date('10/09/05 00:00:00','DD/MM/RR HH24:MI:SS'));
Insert into UBD3707.DELITOS (NIF,TIPO_DELITO,ID,FECHA_DELITO) values ('83218458L','4','4',to_date('01/02/09 00:00:00','DD/MM/RR HH24:MI:SS'));
Insert into UBD3707.DELITOS (NIF,TIPO_DELITO,ID,FECHA_DELITO) values ('66643155B','5','5',to_date('11/10/88 00:00:00','DD/MM/RR HH24:MI:SS'));
Insert into UBD3707.DELITOS (NIF,TIPO_DELITO,ID,FECHA_DELITO) values ('13621202G','3','6',to_date('02/06/99 00:00:00','DD/MM/RR HH24:MI:SS'));
Insert into UBD3707.DELITOS (NIF,TIPO_DELITO,ID,FECHA_DELITO) values ('20579253A','3','7',to_date('02/05/13 00:00:00','DD/MM/RR HH24:MI:SS'));
Insert into UBD3707.DELITOS (NIF,TIPO_DELITO,ID,FECHA_DELITO) values ('40235498B','3','8',to_date('04/04/96 00:00:00','DD/MM/RR HH24:MI:SS'));
Insert into UBD3707.DELITOS (NIF,TIPO_DELITO,ID,FECHA_DELITO) values ('26259491T','5','9',to_date('01/12/75 00:00:00','DD/MM/RR HH24:MI:SS'));
Insert into UBD3707.DELITOS (NIF,TIPO_DELITO,ID,FECHA_DELITO) values ('57415641M','2','10',to_date('05/05/13 00:00:00','DD/MM/RR HH24:MI:SS'));
Insert into UBD3707.DELITOS (NIF,TIPO_DELITO,ID,FECHA_DELITO) values ('97048712M','2','11',to_date('05/02/10 00:00:00','DD/MM/RR HH24:MI:SS'));
Insert into UBD3707.DELITOS (NIF,TIPO_DELITO,ID,FECHA_DELITO) values ('72998261X','3','12',to_date('01/10/18 00:00:00','DD/MM/RR HH24:MI:SS'));
Insert into UBD3707.DELITOS (NIF,TIPO_DELITO,ID,FECHA_DELITO) values ('10703998M','3','13',to_date('06/10/98 00:00:00','DD/MM/RR HH24:MI:SS'));
Insert into UBD3707.DELITOS (NIF,TIPO_DELITO,ID,FECHA_DELITO) values ('26259491T','2','21',to_date('24/08/90 00:00:00','DD/MM/RR HH24:MI:SS'));
Insert into UBD3707.DELITOS (NIF,TIPO_DELITO,ID,FECHA_DELITO) values ('59412291W','4','22',to_date('27/02/00 00:00:00','DD/MM/RR HH24:MI:SS'));
Insert into UBD3707.DELITOS (NIF,TIPO_DELITO,ID,FECHA_DELITO) values ('40235498B','1','23',to_date('05/11/15 00:00:00','DD/MM/RR HH24:MI:SS'));
Insert into UBD3707.DELITOS (NIF,TIPO_DELITO,ID,FECHA_DELITO) values ('59412291W','4','24',to_date('17/12/20 00:00:00','DD/MM/RR HH24:MI:SS'));
Insert into UBD3707.DELITOS (NIF,TIPO_DELITO,ID,FECHA_DELITO) values ('07386587E','3','14',to_date('01/08/78 00:00:00','DD/MM/RR HH24:MI:SS'));
Insert into UBD3707.DELITOS (NIF,TIPO_DELITO,ID,FECHA_DELITO) values ('82636904C','3','15',to_date('01/05/15 00:00:00','DD/MM/RR HH24:MI:SS'));
Insert into UBD3707.DELITOS (NIF,TIPO_DELITO,ID,FECHA_DELITO) values ('28882141Y','2','16',to_date('01/12/20 00:00:00','DD/MM/RR HH24:MI:SS'));
Insert into UBD3707.DELITOS (NIF,TIPO_DELITO,ID,FECHA_DELITO) values ('59412291W','2','17',to_date('07/09/72 00:00:00','DD/MM/RR HH24:MI:SS'));
Insert into UBD3707.DELITOS (NIF,TIPO_DELITO,ID,FECHA_DELITO) values ('46686349Y','3','18',to_date('06/09/95 00:00:00','DD/MM/RR HH24:MI:SS'));
Insert into UBD3707.DELITOS (NIF,TIPO_DELITO,ID,FECHA_DELITO) values ('62086096B','2','19',to_date('30/12/22 00:00:00','DD/MM/RR HH24:MI:SS'));
Insert into UBD3707.DELITOS (NIF,TIPO_DELITO,ID,FECHA_DELITO) values ('55303271R','3','20',to_date('30/12/22 00:00:00','DD/MM/RR HH24:MI:SS'));
REM INSERTING into UBD3707.ECONOMATO
SET DEFINE OFF;
Insert into UBD3707.ECONOMATO (COD_CARCEL,HORA_APERTURA,HORA_CIERRE) values ('98212558','10:00','13:00');
REM INSERTING into UBD3707.EMPLEADO
SET DEFINE OFF;
Insert into UBD3707.EMPLEADO (TELEFONO,EUROS_HORA,EUROS_HORAS_NOCHE,COD_CARCEL,FECHA_CONTRATACION,NIF,DIRIGIDO_POR) values ('692353617','40','20','98212558',to_date('09/04/00 00:00:00','DD/MM/RR HH24:MI:SS'),'09462675S',null);
Insert into UBD3707.EMPLEADO (TELEFONO,EUROS_HORA,EUROS_HORAS_NOCHE,COD_CARCEL,FECHA_CONTRATACION,NIF,DIRIGIDO_POR) values ('686730191','28','14','98212558',to_date('08/02/06 00:00:00','DD/MM/RR HH24:MI:SS'),'02437685F','09462675S');
Insert into UBD3707.EMPLEADO (TELEFONO,EUROS_HORA,EUROS_HORAS_NOCHE,COD_CARCEL,FECHA_CONTRATACION,NIF,DIRIGIDO_POR) values ('675901798','35','17,5','98212558',to_date('09/07/02 00:00:00','DD/MM/RR HH24:MI:SS'),'52370908T','09462675S');
Insert into UBD3707.EMPLEADO (TELEFONO,EUROS_HORA,EUROS_HORAS_NOCHE,COD_CARCEL,FECHA_CONTRATACION,NIF,DIRIGIDO_POR) values ('640806929','25','12,5','98212558',to_date('12/07/16 00:00:00','DD/MM/RR HH24:MI:SS'),'59611344J','09462675S');
Insert into UBD3707.EMPLEADO (TELEFONO,EUROS_HORA,EUROS_HORAS_NOCHE,COD_CARCEL,FECHA_CONTRATACION,NIF,DIRIGIDO_POR) values ('613332295','25','12,5','98212558',to_date('03/09/13 00:00:00','DD/MM/RR HH24:MI:SS'),'88096570S','09462675S');
Insert into UBD3707.EMPLEADO (TELEFONO,EUROS_HORA,EUROS_HORAS_NOCHE,COD_CARCEL,FECHA_CONTRATACION,NIF,DIRIGIDO_POR) values ('656630269','29,2','14,6','98212558',to_date('06/10/08 00:00:00','DD/MM/RR HH24:MI:SS'),'67154048M','09462675S');
Insert into UBD3707.EMPLEADO (TELEFONO,EUROS_HORA,EUROS_HORAS_NOCHE,COD_CARCEL,FECHA_CONTRATACION,NIF,DIRIGIDO_POR) values ('693890070','30','15','98212558',to_date('01/09/96 00:00:00','DD/MM/RR HH24:MI:SS'),'47180520E','09462675S');
Insert into UBD3707.EMPLEADO (TELEFONO,EUROS_HORA,EUROS_HORAS_NOCHE,COD_CARCEL,FECHA_CONTRATACION,NIF,DIRIGIDO_POR) values ('690468623','28','14','98212558',to_date('01/06/16 00:00:00','DD/MM/RR HH24:MI:SS'),'32849429R','09462675S');
Insert into UBD3707.EMPLEADO (TELEFONO,EUROS_HORA,EUROS_HORAS_NOCHE,COD_CARCEL,FECHA_CONTRATACION,NIF,DIRIGIDO_POR) values ('661948018','28','14','98212558',to_date('11/03/17 00:00:00','DD/MM/RR HH24:MI:SS'),'57609035S','09462675S');
Insert into UBD3707.EMPLEADO (TELEFONO,EUROS_HORA,EUROS_HORAS_NOCHE,COD_CARCEL,FECHA_CONTRATACION,NIF,DIRIGIDO_POR) values ('688677178','28','14','98212558',to_date('02/11/22 00:00:00','DD/MM/RR HH24:MI:SS'),'72473735E','09462675S');
REM INSERTING into UBD3707.EMPRESA_EXTERNA
SET DEFINE OFF;
Insert into UBD3707.EMPRESA_EXTERNA (CIF,NOMBRE,DIRECCION_FISICA) values ('B62456001','Meezzy','8 Northview Pass');
Insert into UBD3707.EMPRESA_EXTERNA (CIF,NOMBRE,DIRECCION_FISICA) values ('C43659222','Rhynyx','0 Melrose Place');
Insert into UBD3707.EMPRESA_EXTERNA (CIF,NOMBRE,DIRECCION_FISICA) values ('A98270293','Flipstorm','1 Stone Corner Place');
REM INSERTING into UBD3707.GUARDIA
SET DEFINE OFF;
Insert into UBD3707.GUARDIA (NIF,NUM_PLACA) values ('32849429R','605008322');
Insert into UBD3707.GUARDIA (NIF,NUM_PLACA) values ('47180520E','318160580');
Insert into UBD3707.GUARDIA (NIF,NUM_PLACA) values ('57609035S','530209714');
Insert into UBD3707.GUARDIA (NIF,NUM_PLACA) values ('67154048M','332520295');
Insert into UBD3707.GUARDIA (NIF,NUM_PLACA) values ('72473735E','581715612');
REM INSERTING into UBD3707.INGRESO_EGRESO
SET DEFINE OFF;
Insert into UBD3707.INGRESO_EGRESO (NIF,COD_CARCEL,FECHA_ENTRADA,FECHA_SALIDA) values ('38521959H','98212558',to_date('09/11/99 00:00:00','DD/MM/RR HH24:MI:SS'),to_date('08/10/32 00:00:00','DD/MM/RR HH24:MI:SS'));
Insert into UBD3707.INGRESO_EGRESO (NIF,COD_CARCEL,FECHA_ENTRADA,FECHA_SALIDA) values ('72781128C','98212558',to_date('01/09/22 00:00:00','DD/MM/RR HH24:MI:SS'),to_date('09/08/42 00:00:00','DD/MM/RR HH24:MI:SS'));
Insert into UBD3707.INGRESO_EGRESO (NIF,COD_CARCEL,FECHA_ENTRADA,FECHA_SALIDA) values ('46686349Y','98212558',to_date('10/09/05 00:00:00','DD/MM/RR HH24:MI:SS'),to_date('11/09/34 00:00:00','DD/MM/RR HH24:MI:SS'));
Insert into UBD3707.INGRESO_EGRESO (NIF,COD_CARCEL,FECHA_ENTRADA,FECHA_SALIDA) values ('28882141Y','98212558',to_date('01/02/09 00:00:00','DD/MM/RR HH24:MI:SS'),to_date('10/01/42 00:00:00','DD/MM/RR HH24:MI:SS'));
Insert into UBD3707.INGRESO_EGRESO (NIF,COD_CARCEL,FECHA_ENTRADA,FECHA_SALIDA) values ('57415641M','98212558',to_date('11/10/88 00:00:00','DD/MM/RR HH24:MI:SS'),to_date('03/03/41 00:00:00','DD/MM/RR HH24:MI:SS'));
Insert into UBD3707.INGRESO_EGRESO (NIF,COD_CARCEL,FECHA_ENTRADA,FECHA_SALIDA) values ('42472712S','98212558',to_date('01/10/15 00:00:00','DD/MM/RR HH24:MI:SS'),to_date('08/11/30 00:00:00','DD/MM/RR HH24:MI:SS'));
Insert into UBD3707.INGRESO_EGRESO (NIF,COD_CARCEL,FECHA_ENTRADA,FECHA_SALIDA) values ('83218458L','98212558',to_date('01/12/20 00:00:00','DD/MM/RR HH24:MI:SS'),to_date('02/10/41 00:00:00','DD/MM/RR HH24:MI:SS'));
Insert into UBD3707.INGRESO_EGRESO (NIF,COD_CARCEL,FECHA_ENTRADA,FECHA_SALIDA) values ('07386587E','98212558',to_date('07/09/72 00:00:00','DD/MM/RR HH24:MI:SS'),to_date('12/12/28 00:00:00','DD/MM/RR HH24:MI:SS'));
Insert into UBD3707.INGRESO_EGRESO (NIF,COD_CARCEL,FECHA_ENTRADA,FECHA_SALIDA) values ('82636904C','98212558',to_date('06/10/95 00:00:00','DD/MM/RR HH24:MI:SS'),to_date('03/02/42 00:00:00','DD/MM/RR HH24:MI:SS'));
Insert into UBD3707.INGRESO_EGRESO (NIF,COD_CARCEL,FECHA_ENTRADA,FECHA_SALIDA) values ('62086096B','98212558',to_date('30/11/22 00:00:00','DD/MM/RR HH24:MI:SS'),to_date('31/12/22 00:00:00','DD/MM/RR HH24:MI:SS'));
Insert into UBD3707.INGRESO_EGRESO (NIF,COD_CARCEL,FECHA_ENTRADA,FECHA_SALIDA) values ('55303271R','98212558',to_date('30/12/22 00:00:00','DD/MM/RR HH24:MI:SS'),to_date('31/12/22 00:00:00','DD/MM/RR HH24:MI:SS'));
Insert into UBD3707.INGRESO_EGRESO (NIF,COD_CARCEL,FECHA_ENTRADA,FECHA_SALIDA) values ('26259491T','98212558',to_date('05/03/10 00:00:00','DD/MM/RR HH24:MI:SS'),to_date('04/03/33 00:00:00','DD/MM/RR HH24:MI:SS'));
Insert into UBD3707.INGRESO_EGRESO (NIF,COD_CARCEL,FECHA_ENTRADA,FECHA_SALIDA) values ('10703998M','98212558',to_date('01/03/18 00:00:00','DD/MM/RR HH24:MI:SS'),to_date('12/11/23 00:00:00','DD/MM/RR HH24:MI:SS'));
Insert into UBD3707.INGRESO_EGRESO (NIF,COD_CARCEL,FECHA_ENTRADA,FECHA_SALIDA) values ('72998261X','98212558',to_date('06/03/98 00:00:00','DD/MM/RR HH24:MI:SS'),to_date('02/11/39 00:00:00','DD/MM/RR HH24:MI:SS'));
Insert into UBD3707.INGRESO_EGRESO (NIF,COD_CARCEL,FECHA_ENTRADA,FECHA_SALIDA) values ('59412291W','98212558',to_date('01/08/78 00:00:00','DD/MM/RR HH24:MI:SS'),to_date('01/09/28 00:00:00','DD/MM/RR HH24:MI:SS'));
Insert into UBD3707.INGRESO_EGRESO (NIF,COD_CARCEL,FECHA_ENTRADA,FECHA_SALIDA) values ('66643155B','98212558',to_date('02/06/99 00:00:00','DD/MM/RR HH24:MI:SS'),to_date('06/03/35 00:00:00','DD/MM/RR HH24:MI:SS'));
Insert into UBD3707.INGRESO_EGRESO (NIF,COD_CARCEL,FECHA_ENTRADA,FECHA_SALIDA) values ('13621202G','98212558',to_date('02/04/13 00:00:00','DD/MM/RR HH24:MI:SS'),to_date('07/11/36 00:00:00','DD/MM/RR HH24:MI:SS'));
Insert into UBD3707.INGRESO_EGRESO (NIF,COD_CARCEL,FECHA_ENTRADA,FECHA_SALIDA) values ('20579253A','98212558',to_date('04/12/96 00:00:00','DD/MM/RR HH24:MI:SS'),to_date('03/10/37 00:00:00','DD/MM/RR HH24:MI:SS'));
Insert into UBD3707.INGRESO_EGRESO (NIF,COD_CARCEL,FECHA_ENTRADA,FECHA_SALIDA) values ('97048712M','98212558',to_date('01/12/75 00:00:00','DD/MM/RR HH24:MI:SS'),to_date('08/12/40 00:00:00','DD/MM/RR HH24:MI:SS'));
Insert into UBD3707.INGRESO_EGRESO (NIF,COD_CARCEL,FECHA_ENTRADA,FECHA_SALIDA) values ('40235498B','98212558',to_date('05/02/13 00:00:00','DD/MM/RR HH24:MI:SS'),to_date('09/07/37 00:00:00','DD/MM/RR HH24:MI:SS'));
REM INSERTING into UBD3707.LIMPIADOR
SET DEFINE OFF;
Insert into UBD3707.LIMPIADOR (NIF) values ('26259491T');
Insert into UBD3707.LIMPIADOR (NIF) values ('59611344J');
Insert into UBD3707.LIMPIADOR (NIF) values ('88096570S');
REM INSERTING into UBD3707.MEDICO
SET DEFINE OFF;
Insert into UBD3707.MEDICO (NUM_COLEGIADO_MEDICO,NIF) values ('794529553','09462675S');
REM INSERTING into UBD3707.MODULO
SET DEFINE OFF;
Insert into UBD3707.MODULO (ID_MODULO,COD_CARCEL,TIPO_MODULO) values ('2','98212558','STANDARD');
Insert into UBD3707.MODULO (ID_MODULO,COD_CARCEL,TIPO_MODULO) values ('3','98212558','MAX_SEG');
Insert into UBD3707.MODULO (ID_MODULO,COD_CARCEL,TIPO_MODULO) values ('1','98212558','CALABOZO');
REM INSERTING into UBD3707.PERSONA
SET DEFINE OFF;
Insert into UBD3707.PERSONA (NIF,NUM_SS,NOMBRE,APELLIDOS,EMAIL,FECHA_NACIMIENTO) values ('26259491T','693-88-9708','Tessi','Everall Delwater','tdelwater8@guardian.co.uk',to_date('03/04/78 00:00:00','DD/MM/RR HH24:MI:SS'));
Insert into UBD3707.PERSONA (NIF,NUM_SS,NOMBRE,APELLIDOS,EMAIL,FECHA_NACIMIENTO) values ('57415641M','140-31-4850','Honey','Snodin','hiddenden9@europa.eu',to_date('12/09/94 00:00:00','DD/MM/RR HH24:MI:SS'));
Insert into UBD3707.PERSONA (NIF,NUM_SS,NOMBRE,APELLIDOS,EMAIL,FECHA_NACIMIENTO) values ('97048712M','351-91-6085','Lyndsie','Gillings Caplan','lcaplana@aboutads.info',to_date('18/05/94 00:00:00','DD/MM/RR HH24:MI:SS'));
Insert into UBD3707.PERSONA (NIF,NUM_SS,NOMBRE,APELLIDOS,EMAIL,FECHA_NACIMIENTO) values ('72998261X','647-65-6101','Cash','Penzer','cmclellandb@imdb.com',to_date('08/05/90 00:00:00','DD/MM/RR HH24:MI:SS'));
Insert into UBD3707.PERSONA (NIF,NUM_SS,NOMBRE,APELLIDOS,EMAIL,FECHA_NACIMIENTO) values ('10703998M','126-52-8253','Genevra','Tench Frogley','gfrogleyc@people.com.cn',to_date('09/07/78 00:00:00','DD/MM/RR HH24:MI:SS'));
Insert into UBD3707.PERSONA (NIF,NUM_SS,NOMBRE,APELLIDOS,EMAIL,FECHA_NACIMIENTO) values ('07386587E','547-24-3336','Michail','McTrustram Filler','mfillerd@usa.gov',to_date('08/05/91 00:00:00','DD/MM/RR HH24:MI:SS'));
Insert into UBD3707.PERSONA (NIF,NUM_SS,NOMBRE,APELLIDOS,EMAIL,FECHA_NACIMIENTO) values ('82636904C','111-42-9385','Dori','Gettone MacGow','dmacgowe@t-online.de',to_date('10/04/88 00:00:00','DD/MM/RR HH24:MI:SS'));
Insert into UBD3707.PERSONA (NIF,NUM_SS,NOMBRE,APELLIDOS,EMAIL,FECHA_NACIMIENTO) values ('28882141Y','561-77-1708','Candice','Dampney Walkden','cwalkdenf@meetup.com',to_date('10/04/67 00:00:00','DD/MM/RR HH24:MI:SS'));
Insert into UBD3707.PERSONA (NIF,NUM_SS,NOMBRE,APELLIDOS,EMAIL,FECHA_NACIMIENTO) values ('46686349Y','607-19-9087','Wald','Skillett Yakobovitz','wyakobovitzh@europa.eu',to_date('12/02/77 00:00:00','DD/MM/RR HH24:MI:SS'));
Insert into UBD3707.PERSONA (NIF,NUM_SS,NOMBRE,APELLIDOS,EMAIL,FECHA_NACIMIENTO) values ('62086096B','448-80-2328','Inglebert','Braddock','icomeri@netlog.com',to_date('06/04/93 00:00:00','DD/MM/RR HH24:MI:SS'));
Insert into UBD3707.PERSONA (NIF,NUM_SS,NOMBRE,APELLIDOS,EMAIL,FECHA_NACIMIENTO) values ('55303271R','388-85-7090','Lizette','Overnell Hember',null,to_date('12/05/85 00:00:00','DD/MM/RR HH24:MI:SS'));
Insert into UBD3707.PERSONA (NIF,NUM_SS,NOMBRE,APELLIDOS,EMAIL,FECHA_NACIMIENTO) values ('67154048M','589-64-4014','Artemis','Eagling',null,to_date('07/04/70 00:00:00','DD/MM/RR HH24:MI:SS'));
Insert into UBD3707.PERSONA (NIF,NUM_SS,NOMBRE,APELLIDOS,EMAIL,FECHA_NACIMIENTO) values ('47180520E','535-48-0415','Cordell','Wenger Kynder',null,to_date('04/08/70 00:00:00','DD/MM/RR HH24:MI:SS'));
Insert into UBD3707.PERSONA (NIF,NUM_SS,NOMBRE,APELLIDOS,EMAIL,FECHA_NACIMIENTO) values ('32849429R','138-10-3639','Ole','Gaynesford','olidgelym@businessinsider.com',to_date('11/10/73 00:00:00','DD/MM/RR HH24:MI:SS'));
Insert into UBD3707.PERSONA (NIF,NUM_SS,NOMBRE,APELLIDOS,EMAIL,FECHA_NACIMIENTO) values ('57609035S','778-46-9572','Donnamarie','Ogley','ddoggerelln@deliciousdays.com',to_date('05/07/89 00:00:00','DD/MM/RR HH24:MI:SS'));
Insert into UBD3707.PERSONA (NIF,NUM_SS,NOMBRE,APELLIDOS,EMAIL,FECHA_NACIMIENTO) values ('72473735E','820-86-4016','Rudyard','Coot Neissen','rneisseno@imageshack.us',to_date('04/11/86 00:00:00','DD/MM/RR HH24:MI:SS'));
Insert into UBD3707.PERSONA (NIF,NUM_SS,NOMBRE,APELLIDOS,EMAIL,FECHA_NACIMIENTO) values ('09462675S','598-74-3233','Pandora','Merrin',null,to_date('03/04/68 00:00:00','DD/MM/RR HH24:MI:SS'));
Insert into UBD3707.PERSONA (NIF,NUM_SS,NOMBRE,APELLIDOS,EMAIL,FECHA_NACIMIENTO) values ('02437685F','257-86-1314','Katherina','Dampier','kbeareq@moonfruit.com',to_date('05/04/75 00:00:00','DD/MM/RR HH24:MI:SS'));
Insert into UBD3707.PERSONA (NIF,NUM_SS,NOMBRE,APELLIDOS,EMAIL,FECHA_NACIMIENTO) values ('52370908T','103-67-0837','Marthena','Cow Marsh','mmarshr@hatena.ne.jp',to_date('05/07/81 00:00:00','DD/MM/RR HH24:MI:SS'));
Insert into UBD3707.PERSONA (NIF,NUM_SS,NOMBRE,APELLIDOS,EMAIL,FECHA_NACIMIENTO) values ('59611344J','782-29-1061','Winthrop','Redmain Boydon','wboydons@icio.us',to_date('11/04/92 00:00:00','DD/MM/RR HH24:MI:SS'));
Insert into UBD3707.PERSONA (NIF,NUM_SS,NOMBRE,APELLIDOS,EMAIL,FECHA_NACIMIENTO) values ('88096570S','397-54-0878','Wini','Ashworth Hradsky','whradskyt@list-manage.com',to_date('07/05/95 00:00:00','DD/MM/RR HH24:MI:SS'));
Insert into UBD3707.PERSONA (NIF,NUM_SS,NOMBRE,APELLIDOS,EMAIL,FECHA_NACIMIENTO) values ('47181592B',null,'Marco','Targaryen ',null,to_date('07/05/92 00:00:00','DD/MM/RR HH24:MI:SS'));
Insert into UBD3707.PERSONA (NIF,NUM_SS,NOMBRE,APELLIDOS,EMAIL,FECHA_NACIMIENTO) values ('38521959H','425-26-1870','Nester','Scourgie Ravenscroft','nravenscroft0@imdb.com',to_date('27/08/72 00:00:00','DD/MM/RR HH24:MI:SS'));
Insert into UBD3707.PERSONA (NIF,NUM_SS,NOMBRE,APELLIDOS,EMAIL,FECHA_NACIMIENTO) values ('72781128C','211-17-6033','Englebert','Elt','edahlgren1@oracle.com',to_date('12/12/85 00:00:00','DD/MM/RR HH24:MI:SS'));
Insert into UBD3707.PERSONA (NIF,NUM_SS,NOMBRE,APELLIDOS,EMAIL,FECHA_NACIMIENTO) values ('42472712S','165-89-7526','Cale','Penn','ckubis2@vinaora.com',to_date('02/01/71 00:00:00','DD/MM/RR HH24:MI:SS'));
Insert into UBD3707.PERSONA (NIF,NUM_SS,NOMBRE,APELLIDOS,EMAIL,FECHA_NACIMIENTO) values ('83218458L','712-29-7400','Raquel','Cardenosa Cains',null,to_date('08/02/70 00:00:00','DD/MM/RR HH24:MI:SS'));
Insert into UBD3707.PERSONA (NIF,NUM_SS,NOMBRE,APELLIDOS,EMAIL,FECHA_NACIMIENTO) values ('66643155B','818-10-4072','Paolo','Dallinder','phelin4@imdb.com',to_date('03/03/77 00:00:00','DD/MM/RR HH24:MI:SS'));
Insert into UBD3707.PERSONA (NIF,NUM_SS,NOMBRE,APELLIDOS,EMAIL,FECHA_NACIMIENTO) values ('13621202G','744-64-5479','Alyse','Le Grand Jesse','ajesse5@github.io',to_date('02/05/81 00:00:00','DD/MM/RR HH24:MI:SS'));
Insert into UBD3707.PERSONA (NIF,NUM_SS,NOMBRE,APELLIDOS,EMAIL,FECHA_NACIMIENTO) values ('20579253A','756-95-2553','Lanie','Bulger','lcrossfeld6@netions.com',to_date('10/06/89 00:00:00','DD/MM/RR HH24:MI:SS'));
Insert into UBD3707.PERSONA (NIF,NUM_SS,NOMBRE,APELLIDOS,EMAIL,FECHA_NACIMIENTO) values ('40235498B','299-25-2848','Ryon','Andreolli','rshorie7@merriam-webster.com',to_date('07/02/81 00:00:00','DD/MM/RR HH24:MI:SS'));
Insert into UBD3707.PERSONA (NIF,NUM_SS,NOMBRE,APELLIDOS,EMAIL,FECHA_NACIMIENTO) values ('59412291W','274-39-0995','Desiree','Bowring','ddunleyg@upenn.edu',to_date('05/12/82 00:00:00','DD/MM/RR HH24:MI:SS'));
Insert into UBD3707.PERSONA (NIF,NUM_SS,NOMBRE,APELLIDOS,EMAIL,FECHA_NACIMIENTO) values ('87710844H',null,'Ana','Skillett ',null,to_date('07/05/97 00:00:00','DD/MM/RR HH24:MI:SS'));
Insert into UBD3707.PERSONA (NIF,NUM_SS,NOMBRE,APELLIDOS,EMAIL,FECHA_NACIMIENTO) values ('35336751Z',null,'Maria','Andreolli',null,to_date('07/05/92 00:00:00','DD/MM/RR HH24:MI:SS'));
REM INSERTING into UBD3707.PRODUCTO
SET DEFINE OFF;
Insert into UBD3707.PRODUCTO (ID_PRODUCTO,PRECIO,NOMBRE,STOCK,ID_ECONOMATO) values ('1','2,1','Chocolate','73','98212558');
Insert into UBD3707.PRODUCTO (ID_PRODUCTO,PRECIO,NOMBRE,STOCK,ID_ECONOMATO) values ('2','7,09','Tabaco','100','98212558');
Insert into UBD3707.PRODUCTO (ID_PRODUCTO,PRECIO,NOMBRE,STOCK,ID_ECONOMATO) values ('3','1,48','Gel','86','98212558');
Insert into UBD3707.PRODUCTO (ID_PRODUCTO,PRECIO,NOMBRE,STOCK,ID_ECONOMATO) values ('4','0,6','Caf','38','98212558');
Insert into UBD3707.PRODUCTO (ID_PRODUCTO,PRECIO,NOMBRE,STOCK,ID_ECONOMATO) values ('5','1,3','Patatas Fritas','57','98212558');
REM INSERTING into UBD3707.PROVEE_ECONOMATO
SET DEFINE OFF;
Insert into UBD3707.PROVEE_ECONOMATO (CIF,ID_ECONOMATO) values ('C43659222','98212558');
REM INSERTING into UBD3707.RECLUSO
SET DEFINE OFF;
Insert into UBD3707.RECLUSO (NIF,NIS,ID_CELDA) values ('38521959H','675179216','1');
Insert into UBD3707.RECLUSO (NIF,NIS,ID_CELDA) values ('72781128C','539243063','8');
Insert into UBD3707.RECLUSO (NIF,NIS,ID_CELDA) values ('42472712S','28207983','13');
Insert into UBD3707.RECLUSO (NIF,NIS,ID_CELDA) values ('83218458L','998784807','13');
Insert into UBD3707.RECLUSO (NIF,NIS,ID_CELDA) values ('66643155B','177235380','5');
Insert into UBD3707.RECLUSO (NIF,NIS,ID_CELDA) values ('13621202G','198881703','6');
Insert into UBD3707.RECLUSO (NIF,NIS,ID_CELDA) values ('20579253A','955681289','8');
Insert into UBD3707.RECLUSO (NIF,NIS,ID_CELDA) values ('40235498B','602143200','7');
Insert into UBD3707.RECLUSO (NIF,NIS,ID_CELDA) values ('82636904C','346304137','11');
Insert into UBD3707.RECLUSO (NIF,NIS,ID_CELDA) values ('28882141Y','228718273','4');
Insert into UBD3707.RECLUSO (NIF,NIS,ID_CELDA) values ('59412291W','505792167','9');
Insert into UBD3707.RECLUSO (NIF,NIS,ID_CELDA) values ('46686349Y','703878351','12');
Insert into UBD3707.RECLUSO (NIF,NIS,ID_CELDA) values ('62086096B','96585964','10');
Insert into UBD3707.RECLUSO (NIF,NIS,ID_CELDA) values ('26259491T','958535642','7');
Insert into UBD3707.RECLUSO (NIF,NIS,ID_CELDA) values ('57415641M','404650507','2');
Insert into UBD3707.RECLUSO (NIF,NIS,ID_CELDA) values ('97048712M','424930428','3');
Insert into UBD3707.RECLUSO (NIF,NIS,ID_CELDA) values ('72998261X','995197794','12');
Insert into UBD3707.RECLUSO (NIF,NIS,ID_CELDA) values ('10703998M','199302574','10');
Insert into UBD3707.RECLUSO (NIF,NIS,ID_CELDA) values ('07386587E','971640856','12');
Insert into UBD3707.RECLUSO (NIF,NIS,ID_CELDA) values ('55303271R','604644799','10');
REM INSERTING into UBD3707.RECLUSO_PERMISO_ZONA
SET DEFINE OFF;
Insert into UBD3707.RECLUSO_PERMISO_ZONA (RECLUSO_NIF,ID_ZONA) values ('07386587E','2');
Insert into UBD3707.RECLUSO_PERMISO_ZONA (RECLUSO_NIF,ID_ZONA) values ('13621202G','1');
Insert into UBD3707.RECLUSO_PERMISO_ZONA (RECLUSO_NIF,ID_ZONA) values ('20579253A','1');
Insert into UBD3707.RECLUSO_PERMISO_ZONA (RECLUSO_NIF,ID_ZONA) values ('20579253A','2');
Insert into UBD3707.RECLUSO_PERMISO_ZONA (RECLUSO_NIF,ID_ZONA) values ('20579253A','3');
Insert into UBD3707.RECLUSO_PERMISO_ZONA (RECLUSO_NIF,ID_ZONA) values ('40235498B','1');
Insert into UBD3707.RECLUSO_PERMISO_ZONA (RECLUSO_NIF,ID_ZONA) values ('55303271R','2');
Insert into UBD3707.RECLUSO_PERMISO_ZONA (RECLUSO_NIF,ID_ZONA) values ('62086096B','2');
Insert into UBD3707.RECLUSO_PERMISO_ZONA (RECLUSO_NIF,ID_ZONA) values ('66643155B','1');
Insert into UBD3707.RECLUSO_PERMISO_ZONA (RECLUSO_NIF,ID_ZONA) values ('72998261X','3');
REM INSERTING into UBD3707.SUBCONTRATA
SET DEFINE OFF;
Insert into UBD3707.SUBCONTRATA (CIF_EMPRESA_EXTERNA,NIF) values ('B62456001','88096570S');
Insert into UBD3707.SUBCONTRATA (CIF_EMPRESA_EXTERNA,NIF) values ('B62456001','59611344J');
Insert into UBD3707.SUBCONTRATA (CIF_EMPRESA_EXTERNA,NIF) values ('A98270293','02437685F');
REM INSERTING into UBD3707.SUBCONTRATA_VOLUNTARIO
SET DEFINE OFF;
Insert into UBD3707.SUBCONTRATA_VOLUNTARIO (NIF) values ('02437685F');
Insert into UBD3707.SUBCONTRATA_VOLUNTARIO (NIF) values ('20579253A');
Insert into UBD3707.SUBCONTRATA_VOLUNTARIO (NIF) values ('26259491T');
Insert into UBD3707.SUBCONTRATA_VOLUNTARIO (NIF) values ('40235498B');
Insert into UBD3707.SUBCONTRATA_VOLUNTARIO (NIF) values ('59611344J');
Insert into UBD3707.SUBCONTRATA_VOLUNTARIO (NIF) values ('88096570S');
REM INSERTING into UBD3707.TIPO_DELITO
SET DEFINE OFF;
Insert into UBD3707.TIPO_DELITO (ID,NOMBRE) values ('1','HOMICIDIO');
Insert into UBD3707.TIPO_DELITO (ID,NOMBRE) values ('2','TRAFICO DE DROGAS');
Insert into UBD3707.TIPO_DELITO (ID,NOMBRE) values ('3','ROBO');
Insert into UBD3707.TIPO_DELITO (ID,NOMBRE) values ('4','VIOLACION');
Insert into UBD3707.TIPO_DELITO (ID,NOMBRE) values ('5','FRAUDE');
REM INSERTING into UBD3707.TURNO
SET DEFINE OFF;
Insert into UBD3707.TURNO (ID_TURNO,ENTRADA,SALIDA,NIF) values ('31',to_date('01/12/22 16:00:00','DD/MM/RR HH24:MI:SS'),to_date('02/12/22 00:00:00','DD/MM/RR HH24:MI:SS'),'72473735E');
Insert into UBD3707.TURNO (ID_TURNO,ENTRADA,SALIDA,NIF) values ('32',to_date('02/12/22 16:00:00','DD/MM/RR HH24:MI:SS'),to_date('03/12/22 00:00:00','DD/MM/RR HH24:MI:SS'),'72473735E');
Insert into UBD3707.TURNO (ID_TURNO,ENTRADA,SALIDA,NIF) values ('33',to_date('04/12/22 00:00:00','DD/MM/RR HH24:MI:SS'),to_date('04/12/22 08:00:00','DD/MM/RR HH24:MI:SS'),'72473735E');
Insert into UBD3707.TURNO (ID_TURNO,ENTRADA,SALIDA,NIF) values ('34',to_date('04/12/22 08:00:00','DD/MM/RR HH24:MI:SS'),to_date('04/12/22 16:00:00','DD/MM/RR HH24:MI:SS'),'72473735E');
Insert into UBD3707.TURNO (ID_TURNO,ENTRADA,SALIDA,NIF) values ('35',to_date('06/12/22 00:00:00','DD/MM/RR HH24:MI:SS'),to_date('06/12/22 08:00:00','DD/MM/RR HH24:MI:SS'),'72473735E');
Insert into UBD3707.TURNO (ID_TURNO,ENTRADA,SALIDA,NIF) values ('36',to_date('06/12/22 08:00:00','DD/MM/RR HH24:MI:SS'),to_date('06/12/22 16:00:00','DD/MM/RR HH24:MI:SS'),'72473735E');
Insert into UBD3707.TURNO (ID_TURNO,ENTRADA,SALIDA,NIF) values ('37',to_date('08/12/22 00:00:00','DD/MM/RR HH24:MI:SS'),to_date('08/12/22 08:00:00','DD/MM/RR HH24:MI:SS'),'72473735E');
Insert into UBD3707.TURNO (ID_TURNO,ENTRADA,SALIDA,NIF) values ('38',to_date('08/12/22 08:00:00','DD/MM/RR HH24:MI:SS'),to_date('08/12/22 16:00:00','DD/MM/RR HH24:MI:SS'),'72473735E');
Insert into UBD3707.TURNO (ID_TURNO,ENTRADA,SALIDA,NIF) values ('39',to_date('10/12/22 00:00:00','DD/MM/RR HH24:MI:SS'),to_date('10/12/22 08:00:00','DD/MM/RR HH24:MI:SS'),'72473735E');
Insert into UBD3707.TURNO (ID_TURNO,ENTRADA,SALIDA,NIF) values ('40',to_date('10/12/22 08:00:00','DD/MM/RR HH24:MI:SS'),to_date('10/12/22 16:00:00','DD/MM/RR HH24:MI:SS'),'72473735E');
Insert into UBD3707.TURNO (ID_TURNO,ENTRADA,SALIDA,NIF) values ('41',to_date('12/12/22 00:00:00','DD/MM/RR HH24:MI:SS'),to_date('12/12/22 08:00:00','DD/MM/RR HH24:MI:SS'),'72473735E');
Insert into UBD3707.TURNO (ID_TURNO,ENTRADA,SALIDA,NIF) values ('42',to_date('13/12/22 00:00:00','DD/MM/RR HH24:MI:SS'),to_date('13/12/22 08:00:00','DD/MM/RR HH24:MI:SS'),'72473735E');
Insert into UBD3707.TURNO (ID_TURNO,ENTRADA,SALIDA,NIF) values ('43',to_date('14/12/22 00:00:00','DD/MM/RR HH24:MI:SS'),to_date('14/12/22 08:00:00','DD/MM/RR HH24:MI:SS'),'72473735E');
Insert into UBD3707.TURNO (ID_TURNO,ENTRADA,SALIDA,NIF) values ('44',to_date('14/12/22 08:00:00','DD/MM/RR HH24:MI:SS'),to_date('14/12/22 16:00:00','DD/MM/RR HH24:MI:SS'),'72473735E');
Insert into UBD3707.TURNO (ID_TURNO,ENTRADA,SALIDA,NIF) values ('45',to_date('15/12/22 08:00:00','DD/MM/RR HH24:MI:SS'),to_date('15/12/22 16:00:00','DD/MM/RR HH24:MI:SS'),'72473735E');
Insert into UBD3707.TURNO (ID_TURNO,ENTRADA,SALIDA,NIF) values ('46',to_date('16/12/22 16:00:00','DD/MM/RR HH24:MI:SS'),to_date('17/12/22 00:00:00','DD/MM/RR HH24:MI:SS'),'72473735E');
Insert into UBD3707.TURNO (ID_TURNO,ENTRADA,SALIDA,NIF) values ('47',to_date('17/12/22 08:00:00','DD/MM/RR HH24:MI:SS'),to_date('17/12/22 16:00:00','DD/MM/RR HH24:MI:SS'),'72473735E');
Insert into UBD3707.TURNO (ID_TURNO,ENTRADA,SALIDA,NIF) values ('48',to_date('18/12/22 16:00:00','DD/MM/RR HH24:MI:SS'),to_date('19/12/22 00:00:00','DD/MM/RR HH24:MI:SS'),'72473735E');
Insert into UBD3707.TURNO (ID_TURNO,ENTRADA,SALIDA,NIF) values ('49',to_date('19/12/22 16:00:00','DD/MM/RR HH24:MI:SS'),to_date('20/12/22 00:00:00','DD/MM/RR HH24:MI:SS'),'72473735E');
Insert into UBD3707.TURNO (ID_TURNO,ENTRADA,SALIDA,NIF) values ('50',to_date('20/12/22 08:00:00','DD/MM/RR HH24:MI:SS'),to_date('20/12/22 16:00:00','DD/MM/RR HH24:MI:SS'),'72473735E');
Insert into UBD3707.TURNO (ID_TURNO,ENTRADA,SALIDA,NIF) values ('51',to_date('21/12/22 16:00:00','DD/MM/RR HH24:MI:SS'),to_date('22/12/22 00:00:00','DD/MM/RR HH24:MI:SS'),'72473735E');
Insert into UBD3707.TURNO (ID_TURNO,ENTRADA,SALIDA,NIF) values ('52',to_date('22/12/22 16:00:00','DD/MM/RR HH24:MI:SS'),to_date('23/12/22 00:00:00','DD/MM/RR HH24:MI:SS'),'72473735E');
Insert into UBD3707.TURNO (ID_TURNO,ENTRADA,SALIDA,NIF) values ('53',to_date('24/12/22 00:00:00','DD/MM/RR HH24:MI:SS'),to_date('24/12/22 08:00:00','DD/MM/RR HH24:MI:SS'),'72473735E');
Insert into UBD3707.TURNO (ID_TURNO,ENTRADA,SALIDA,NIF) values ('54',to_date('24/12/22 08:00:00','DD/MM/RR HH24:MI:SS'),to_date('24/12/22 16:00:00','DD/MM/RR HH24:MI:SS'),'72473735E');
Insert into UBD3707.TURNO (ID_TURNO,ENTRADA,SALIDA,NIF) values ('55',to_date('25/12/22 16:00:00','DD/MM/RR HH24:MI:SS'),to_date('26/12/22 00:00:00','DD/MM/RR HH24:MI:SS'),'72473735E');
Insert into UBD3707.TURNO (ID_TURNO,ENTRADA,SALIDA,NIF) values ('56',to_date('26/12/22 08:00:00','DD/MM/RR HH24:MI:SS'),to_date('26/12/22 16:00:00','DD/MM/RR HH24:MI:SS'),'72473735E');
Insert into UBD3707.TURNO (ID_TURNO,ENTRADA,SALIDA,NIF) values ('57',to_date('28/12/22 00:00:00','DD/MM/RR HH24:MI:SS'),to_date('28/12/22 08:00:00','DD/MM/RR HH24:MI:SS'),'72473735E');
Insert into UBD3707.TURNO (ID_TURNO,ENTRADA,SALIDA,NIF) values ('58',to_date('28/12/22 16:00:00','DD/MM/RR HH24:MI:SS'),to_date('29/12/22 00:00:00','DD/MM/RR HH24:MI:SS'),'72473735E');
Insert into UBD3707.TURNO (ID_TURNO,ENTRADA,SALIDA,NIF) values ('59',to_date('30/12/22 00:00:00','DD/MM/RR HH24:MI:SS'),to_date('30/12/22 08:00:00','DD/MM/RR HH24:MI:SS'),'72473735E');
Insert into UBD3707.TURNO (ID_TURNO,ENTRADA,SALIDA,NIF) values ('60',to_date('30/12/22 16:00:00','DD/MM/RR HH24:MI:SS'),to_date('31/12/22 00:00:00','DD/MM/RR HH24:MI:SS'),'72473735E');
Insert into UBD3707.TURNO (ID_TURNO,ENTRADA,SALIDA,NIF) values ('61',to_date('01/12/22 08:00:00','DD/MM/RR HH24:MI:SS'),to_date('01/12/22 16:00:00','DD/MM/RR HH24:MI:SS'),'67154048M');
Insert into UBD3707.TURNO (ID_TURNO,ENTRADA,SALIDA,NIF) values ('62',to_date('03/12/22 00:00:00','DD/MM/RR HH24:MI:SS'),to_date('03/12/22 08:00:00','DD/MM/RR HH24:MI:SS'),'67154048M');
Insert into UBD3707.TURNO (ID_TURNO,ENTRADA,SALIDA,NIF) values ('63',to_date('03/12/22 16:00:00','DD/MM/RR HH24:MI:SS'),to_date('04/12/22 00:00:00','DD/MM/RR HH24:MI:SS'),'67154048M');
Insert into UBD3707.TURNO (ID_TURNO,ENTRADA,SALIDA,NIF) values ('64',to_date('04/12/22 08:00:00','DD/MM/RR HH24:MI:SS'),to_date('04/12/22 16:00:00','DD/MM/RR HH24:MI:SS'),'67154048M');
Insert into UBD3707.TURNO (ID_TURNO,ENTRADA,SALIDA,NIF) values ('65',to_date('05/12/22 08:00:00','DD/MM/RR HH24:MI:SS'),to_date('05/12/22 16:00:00','DD/MM/RR HH24:MI:SS'),'67154048M');
Insert into UBD3707.TURNO (ID_TURNO,ENTRADA,SALIDA,NIF) values ('66',to_date('06/12/22 16:00:00','DD/MM/RR HH24:MI:SS'),to_date('07/12/22 00:00:00','DD/MM/RR HH24:MI:SS'),'67154048M');
Insert into UBD3707.TURNO (ID_TURNO,ENTRADA,SALIDA,NIF) values ('67',to_date('07/12/22 08:00:00','DD/MM/RR HH24:MI:SS'),to_date('07/12/22 16:00:00','DD/MM/RR HH24:MI:SS'),'67154048M');
Insert into UBD3707.TURNO (ID_TURNO,ENTRADA,SALIDA,NIF) values ('68',to_date('08/12/22 16:00:00','DD/MM/RR HH24:MI:SS'),to_date('09/12/22 00:00:00','DD/MM/RR HH24:MI:SS'),'67154048M');
Insert into UBD3707.TURNO (ID_TURNO,ENTRADA,SALIDA,NIF) values ('69',to_date('09/12/22 16:00:00','DD/MM/RR HH24:MI:SS'),to_date('10/12/22 00:00:00','DD/MM/RR HH24:MI:SS'),'67154048M');
Insert into UBD3707.TURNO (ID_TURNO,ENTRADA,SALIDA,NIF) values ('70',to_date('11/12/22 00:00:00','DD/MM/RR HH24:MI:SS'),to_date('11/12/22 08:00:00','DD/MM/RR HH24:MI:SS'),'67154048M');
Insert into UBD3707.TURNO (ID_TURNO,ENTRADA,SALIDA,NIF) values ('71',to_date('11/12/22 16:00:00','DD/MM/RR HH24:MI:SS'),to_date('12/12/22 00:00:00','DD/MM/RR HH24:MI:SS'),'67154048M');
Insert into UBD3707.TURNO (ID_TURNO,ENTRADA,SALIDA,NIF) values ('72',to_date('12/12/22 16:00:00','DD/MM/RR HH24:MI:SS'),to_date('13/12/22 00:00:00','DD/MM/RR HH24:MI:SS'),'67154048M');
Insert into UBD3707.TURNO (ID_TURNO,ENTRADA,SALIDA,NIF) values ('73',to_date('14/12/22 00:00:00','DD/MM/RR HH24:MI:SS'),to_date('14/12/22 08:00:00','DD/MM/RR HH24:MI:SS'),'67154048M');
Insert into UBD3707.TURNO (ID_TURNO,ENTRADA,SALIDA,NIF) values ('74',to_date('14/12/22 08:00:00','DD/MM/RR HH24:MI:SS'),to_date('14/12/22 16:00:00','DD/MM/RR HH24:MI:SS'),'67154048M');
Insert into UBD3707.TURNO (ID_TURNO,ENTRADA,SALIDA,NIF) values ('75',to_date('15/12/22 08:00:00','DD/MM/RR HH24:MI:SS'),to_date('15/12/22 16:00:00','DD/MM/RR HH24:MI:SS'),'67154048M');
Insert into UBD3707.TURNO (ID_TURNO,ENTRADA,SALIDA,NIF) values ('76',to_date('17/12/22 00:00:00','DD/MM/RR HH24:MI:SS'),to_date('17/12/22 08:00:00','DD/MM/RR HH24:MI:SS'),'67154048M');
Insert into UBD3707.TURNO (ID_TURNO,ENTRADA,SALIDA,NIF) values ('77',to_date('18/12/22 00:00:00','DD/MM/RR HH24:MI:SS'),to_date('18/12/22 08:00:00','DD/MM/RR HH24:MI:SS'),'67154048M');
Insert into UBD3707.TURNO (ID_TURNO,ENTRADA,SALIDA,NIF) values ('78',to_date('19/12/22 00:00:00','DD/MM/RR HH24:MI:SS'),to_date('19/12/22 08:00:00','DD/MM/RR HH24:MI:SS'),'67154048M');
Insert into UBD3707.TURNO (ID_TURNO,ENTRADA,SALIDA,NIF) values ('79',to_date('19/12/22 08:00:00','DD/MM/RR HH24:MI:SS'),to_date('19/12/22 16:00:00','DD/MM/RR HH24:MI:SS'),'67154048M');
Insert into UBD3707.TURNO (ID_TURNO,ENTRADA,SALIDA,NIF) values ('80',to_date('20/12/22 16:00:00','DD/MM/RR HH24:MI:SS'),to_date('21/12/22 00:00:00','DD/MM/RR HH24:MI:SS'),'67154048M');
Insert into UBD3707.TURNO (ID_TURNO,ENTRADA,SALIDA,NIF) values ('81',to_date('21/12/22 16:00:00','DD/MM/RR HH24:MI:SS'),to_date('22/12/22 00:00:00','DD/MM/RR HH24:MI:SS'),'67154048M');
Insert into UBD3707.TURNO (ID_TURNO,ENTRADA,SALIDA,NIF) values ('82',to_date('23/12/22 00:00:00','DD/MM/RR HH24:MI:SS'),to_date('23/12/22 08:00:00','DD/MM/RR HH24:MI:SS'),'67154048M');
Insert into UBD3707.TURNO (ID_TURNO,ENTRADA,SALIDA,NIF) values ('83',to_date('23/12/22 16:00:00','DD/MM/RR HH24:MI:SS'),to_date('24/12/22 00:00:00','DD/MM/RR HH24:MI:SS'),'67154048M');
Insert into UBD3707.TURNO (ID_TURNO,ENTRADA,SALIDA,NIF) values ('84',to_date('24/12/22 16:00:00','DD/MM/RR HH24:MI:SS'),to_date('25/12/22 00:00:00','DD/MM/RR HH24:MI:SS'),'67154048M');
Insert into UBD3707.TURNO (ID_TURNO,ENTRADA,SALIDA,NIF) values ('85',to_date('25/12/22 08:00:00','DD/MM/RR HH24:MI:SS'),to_date('25/12/22 16:00:00','DD/MM/RR HH24:MI:SS'),'67154048M');
Insert into UBD3707.TURNO (ID_TURNO,ENTRADA,SALIDA,NIF) values ('86',to_date('26/12/22 16:00:00','DD/MM/RR HH24:MI:SS'),to_date('27/12/22 00:00:00','DD/MM/RR HH24:MI:SS'),'67154048M');
Insert into UBD3707.TURNO (ID_TURNO,ENTRADA,SALIDA,NIF) values ('87',to_date('28/12/22 00:00:00','DD/MM/RR HH24:MI:SS'),to_date('28/12/22 08:00:00','DD/MM/RR HH24:MI:SS'),'67154048M');
Insert into UBD3707.TURNO (ID_TURNO,ENTRADA,SALIDA,NIF) values ('88',to_date('29/12/22 00:00:00','DD/MM/RR HH24:MI:SS'),to_date('29/12/22 08:00:00','DD/MM/RR HH24:MI:SS'),'67154048M');
Insert into UBD3707.TURNO (ID_TURNO,ENTRADA,SALIDA,NIF) values ('89',to_date('29/12/22 16:00:00','DD/MM/RR HH24:MI:SS'),to_date('30/12/22 00:00:00','DD/MM/RR HH24:MI:SS'),'67154048M');
Insert into UBD3707.TURNO (ID_TURNO,ENTRADA,SALIDA,NIF) values ('90',to_date('30/12/22 16:00:00','DD/MM/RR HH24:MI:SS'),to_date('31/12/22 00:00:00','DD/MM/RR HH24:MI:SS'),'67154048M');
Insert into UBD3707.TURNO (ID_TURNO,ENTRADA,SALIDA,NIF) values ('1',to_date('02/12/22 00:00:00','DD/MM/RR HH24:MI:SS'),to_date('02/12/22 08:00:00','DD/MM/RR HH24:MI:SS'),'02437685F');
Insert into UBD3707.TURNO (ID_TURNO,ENTRADA,SALIDA,NIF) values ('2',to_date('02/12/22 08:00:00','DD/MM/RR HH24:MI:SS'),to_date('02/12/22 16:00:00','DD/MM/RR HH24:MI:SS'),'02437685F');
Insert into UBD3707.TURNO (ID_TURNO,ENTRADA,SALIDA,NIF) values ('3',to_date('04/12/22 00:00:00','DD/MM/RR HH24:MI:SS'),to_date('04/12/22 08:00:00','DD/MM/RR HH24:MI:SS'),'02437685F');
Insert into UBD3707.TURNO (ID_TURNO,ENTRADA,SALIDA,NIF) values ('4',to_date('05/12/22 00:00:00','DD/MM/RR HH24:MI:SS'),to_date('05/12/22 08:00:00','DD/MM/RR HH24:MI:SS'),'02437685F');
Insert into UBD3707.TURNO (ID_TURNO,ENTRADA,SALIDA,NIF) values ('5',to_date('06/12/22 00:00:00','DD/MM/RR HH24:MI:SS'),to_date('06/12/22 08:00:00','DD/MM/RR HH24:MI:SS'),'02437685F');
Insert into UBD3707.TURNO (ID_TURNO,ENTRADA,SALIDA,NIF) values ('6',to_date('06/12/22 16:00:00','DD/MM/RR HH24:MI:SS'),to_date('07/12/22 00:00:00','DD/MM/RR HH24:MI:SS'),'02437685F');
Insert into UBD3707.TURNO (ID_TURNO,ENTRADA,SALIDA,NIF) values ('7',to_date('07/12/22 16:00:00','DD/MM/RR HH24:MI:SS'),to_date('08/12/22 00:00:00','DD/MM/RR HH24:MI:SS'),'02437685F');
Insert into UBD3707.TURNO (ID_TURNO,ENTRADA,SALIDA,NIF) values ('8',to_date('08/12/22 16:00:00','DD/MM/RR HH24:MI:SS'),to_date('09/12/22 00:00:00','DD/MM/RR HH24:MI:SS'),'02437685F');
Insert into UBD3707.TURNO (ID_TURNO,ENTRADA,SALIDA,NIF) values ('9',to_date('10/12/22 00:00:00','DD/MM/RR HH24:MI:SS'),to_date('10/12/22 08:00:00','DD/MM/RR HH24:MI:SS'),'02437685F');
Insert into UBD3707.TURNO (ID_TURNO,ENTRADA,SALIDA,NIF) values ('10',to_date('10/12/22 08:00:00','DD/MM/RR HH24:MI:SS'),to_date('10/12/22 16:00:00','DD/MM/RR HH24:MI:SS'),'02437685F');
Insert into UBD3707.TURNO (ID_TURNO,ENTRADA,SALIDA,NIF) values ('11',to_date('11/12/22 16:00:00','DD/MM/RR HH24:MI:SS'),to_date('12/12/22 00:00:00','DD/MM/RR HH24:MI:SS'),'02437685F');
Insert into UBD3707.TURNO (ID_TURNO,ENTRADA,SALIDA,NIF) values ('12',to_date('13/12/22 00:00:00','DD/MM/RR HH24:MI:SS'),to_date('13/12/22 08:00:00','DD/MM/RR HH24:MI:SS'),'02437685F');
Insert into UBD3707.TURNO (ID_TURNO,ENTRADA,SALIDA,NIF) values ('13',to_date('13/12/22 08:00:00','DD/MM/RR HH24:MI:SS'),to_date('13/12/22 16:00:00','DD/MM/RR HH24:MI:SS'),'02437685F');
Insert into UBD3707.TURNO (ID_TURNO,ENTRADA,SALIDA,NIF) values ('14',to_date('14/12/22 16:00:00','DD/MM/RR HH24:MI:SS'),to_date('15/12/22 00:00:00','DD/MM/RR HH24:MI:SS'),'02437685F');
Insert into UBD3707.TURNO (ID_TURNO,ENTRADA,SALIDA,NIF) values ('15',to_date('15/12/22 08:00:00','DD/MM/RR HH24:MI:SS'),to_date('15/12/22 16:00:00','DD/MM/RR HH24:MI:SS'),'02437685F');
Insert into UBD3707.TURNO (ID_TURNO,ENTRADA,SALIDA,NIF) values ('16',to_date('16/12/22 08:00:00','DD/MM/RR HH24:MI:SS'),to_date('16/12/22 16:00:00','DD/MM/RR HH24:MI:SS'),'02437685F');
Insert into UBD3707.TURNO (ID_TURNO,ENTRADA,SALIDA,NIF) values ('17',to_date('17/12/22 08:00:00','DD/MM/RR HH24:MI:SS'),to_date('17/12/22 16:00:00','DD/MM/RR HH24:MI:SS'),'02437685F');
Insert into UBD3707.TURNO (ID_TURNO,ENTRADA,SALIDA,NIF) values ('18',to_date('19/12/22 00:00:00','DD/MM/RR HH24:MI:SS'),to_date('19/12/22 08:00:00','DD/MM/RR HH24:MI:SS'),'02437685F');
Insert into UBD3707.TURNO (ID_TURNO,ENTRADA,SALIDA,NIF) values ('19',to_date('20/12/22 00:00:00','DD/MM/RR HH24:MI:SS'),to_date('20/12/22 08:00:00','DD/MM/RR HH24:MI:SS'),'02437685F');
Insert into UBD3707.TURNO (ID_TURNO,ENTRADA,SALIDA,NIF) values ('20',to_date('20/12/22 08:00:00','DD/MM/RR HH24:MI:SS'),to_date('20/12/22 16:00:00','DD/MM/RR HH24:MI:SS'),'02437685F');
Insert into UBD3707.TURNO (ID_TURNO,ENTRADA,SALIDA,NIF) values ('21',to_date('21/12/22 16:00:00','DD/MM/RR HH24:MI:SS'),to_date('22/12/22 00:00:00','DD/MM/RR HH24:MI:SS'),'02437685F');
Insert into UBD3707.TURNO (ID_TURNO,ENTRADA,SALIDA,NIF) values ('22',to_date('22/12/22 08:00:00','DD/MM/RR HH24:MI:SS'),to_date('22/12/22 16:00:00','DD/MM/RR HH24:MI:SS'),'02437685F');
Insert into UBD3707.TURNO (ID_TURNO,ENTRADA,SALIDA,NIF) values ('23',to_date('24/12/22 00:00:00','DD/MM/RR HH24:MI:SS'),to_date('24/12/22 08:00:00','DD/MM/RR HH24:MI:SS'),'02437685F');
Insert into UBD3707.TURNO (ID_TURNO,ENTRADA,SALIDA,NIF) values ('24',to_date('24/12/22 16:00:00','DD/MM/RR HH24:MI:SS'),to_date('25/12/22 00:00:00','DD/MM/RR HH24:MI:SS'),'02437685F');
Insert into UBD3707.TURNO (ID_TURNO,ENTRADA,SALIDA,NIF) values ('25',to_date('26/12/22 00:00:00','DD/MM/RR HH24:MI:SS'),to_date('26/12/22 08:00:00','DD/MM/RR HH24:MI:SS'),'02437685F');
Insert into UBD3707.TURNO (ID_TURNO,ENTRADA,SALIDA,NIF) values ('26',to_date('26/12/22 08:00:00','DD/MM/RR HH24:MI:SS'),to_date('26/12/22 16:00:00','DD/MM/RR HH24:MI:SS'),'02437685F');
Insert into UBD3707.TURNO (ID_TURNO,ENTRADA,SALIDA,NIF) values ('27',to_date('27/12/22 16:00:00','DD/MM/RR HH24:MI:SS'),to_date('28/12/22 00:00:00','DD/MM/RR HH24:MI:SS'),'02437685F');
Insert into UBD3707.TURNO (ID_TURNO,ENTRADA,SALIDA,NIF) values ('28',to_date('28/12/22 08:00:00','DD/MM/RR HH24:MI:SS'),to_date('28/12/22 16:00:00','DD/MM/RR HH24:MI:SS'),'02437685F');
Insert into UBD3707.TURNO (ID_TURNO,ENTRADA,SALIDA,NIF) values ('29',to_date('29/12/22 08:00:00','DD/MM/RR HH24:MI:SS'),to_date('29/12/22 16:00:00','DD/MM/RR HH24:MI:SS'),'02437685F');
Insert into UBD3707.TURNO (ID_TURNO,ENTRADA,SALIDA,NIF) values ('30',to_date('31/12/22 00:00:00','DD/MM/RR HH24:MI:SS'),to_date('31/12/22 08:00:00','DD/MM/RR HH24:MI:SS'),'02437685F');
Insert into UBD3707.TURNO (ID_TURNO,ENTRADA,SALIDA,NIF) values ('98',to_date('02/12/22 00:00:00','DD/MM/RR HH24:MI:SS'),to_date('02/12/22 08:00:00','DD/MM/RR HH24:MI:SS'),'09462675S');
Insert into UBD3707.TURNO (ID_TURNO,ENTRADA,SALIDA,NIF) values ('99',to_date('03/12/22 00:00:00','DD/MM/RR HH24:MI:SS'),to_date('03/12/22 08:00:00','DD/MM/RR HH24:MI:SS'),'09462675S');
Insert into UBD3707.TURNO (ID_TURNO,ENTRADA,SALIDA,NIF) values ('102',to_date('03/12/22 16:00:00','DD/MM/RR HH24:MI:SS'),to_date('04/12/22 00:00:00','DD/MM/RR HH24:MI:SS'),'09462675S');
Insert into UBD3707.TURNO (ID_TURNO,ENTRADA,SALIDA,NIF) values ('104',to_date('05/12/22 00:00:00','DD/MM/RR HH24:MI:SS'),to_date('05/12/22 08:00:00','DD/MM/RR HH24:MI:SS'),'09462675S');
Insert into UBD3707.TURNO (ID_TURNO,ENTRADA,SALIDA,NIF) values ('107',to_date('05/12/22 08:00:00','DD/MM/RR HH24:MI:SS'),to_date('05/12/22 16:00:00','DD/MM/RR HH24:MI:SS'),'09462675S');
Insert into UBD3707.TURNO (ID_TURNO,ENTRADA,SALIDA,NIF) values ('109',to_date('06/12/22 08:00:00','DD/MM/RR HH24:MI:SS'),to_date('06/12/22 16:00:00','DD/MM/RR HH24:MI:SS'),'09462675S');
Insert into UBD3707.TURNO (ID_TURNO,ENTRADA,SALIDA,NIF) values ('112',to_date('08/12/22 00:00:00','DD/MM/RR HH24:MI:SS'),to_date('08/12/22 08:00:00','DD/MM/RR HH24:MI:SS'),'09462675S');
Insert into UBD3707.TURNO (ID_TURNO,ENTRADA,SALIDA,NIF) values ('114',to_date('09/12/22 00:00:00','DD/MM/RR HH24:MI:SS'),to_date('09/12/22 08:00:00','DD/MM/RR HH24:MI:SS'),'09462675S');
Insert into UBD3707.TURNO (ID_TURNO,ENTRADA,SALIDA,NIF) values ('116',to_date('10/12/22 00:00:00','DD/MM/RR HH24:MI:SS'),to_date('10/12/22 08:00:00','DD/MM/RR HH24:MI:SS'),'09462675S');
Insert into UBD3707.TURNO (ID_TURNO,ENTRADA,SALIDA,NIF) values ('118',to_date('10/12/22 08:00:00','DD/MM/RR HH24:MI:SS'),to_date('10/12/22 16:00:00','DD/MM/RR HH24:MI:SS'),'09462675S');
Insert into UBD3707.TURNO (ID_TURNO,ENTRADA,SALIDA,NIF) values ('120',to_date('12/12/22 00:00:00','DD/MM/RR HH24:MI:SS'),to_date('12/12/22 08:00:00','DD/MM/RR HH24:MI:SS'),'09462675S');
Insert into UBD3707.TURNO (ID_TURNO,ENTRADA,SALIDA,NIF) values ('123',to_date('13/12/22 00:00:00','DD/MM/RR HH24:MI:SS'),to_date('13/12/22 08:00:00','DD/MM/RR HH24:MI:SS'),'09462675S');
Insert into UBD3707.TURNO (ID_TURNO,ENTRADA,SALIDA,NIF) values ('124',to_date('14/12/22 00:00:00','DD/MM/RR HH24:MI:SS'),to_date('14/12/22 08:00:00','DD/MM/RR HH24:MI:SS'),'09462675S');
Insert into UBD3707.TURNO (ID_TURNO,ENTRADA,SALIDA,NIF) values ('126',to_date('15/12/22 00:00:00','DD/MM/RR HH24:MI:SS'),to_date('15/12/22 08:00:00','DD/MM/RR HH24:MI:SS'),'09462675S');
Insert into UBD3707.TURNO (ID_TURNO,ENTRADA,SALIDA,NIF) values ('128',to_date('16/12/22 00:00:00','DD/MM/RR HH24:MI:SS'),to_date('16/12/22 08:00:00','DD/MM/RR HH24:MI:SS'),'09462675S');
Insert into UBD3707.TURNO (ID_TURNO,ENTRADA,SALIDA,NIF) values ('130',to_date('16/12/22 16:00:00','DD/MM/RR HH24:MI:SS'),to_date('17/12/22 00:00:00','DD/MM/RR HH24:MI:SS'),'09462675S');
Insert into UBD3707.TURNO (ID_TURNO,ENTRADA,SALIDA,NIF) values ('133',to_date('17/12/22 08:00:00','DD/MM/RR HH24:MI:SS'),to_date('17/12/22 16:00:00','DD/MM/RR HH24:MI:SS'),'09462675S');
Insert into UBD3707.TURNO (ID_TURNO,ENTRADA,SALIDA,NIF) values ('135',to_date('18/12/22 16:00:00','DD/MM/RR HH24:MI:SS'),to_date('19/12/22 00:00:00','DD/MM/RR HH24:MI:SS'),'09462675S');
Insert into UBD3707.TURNO (ID_TURNO,ENTRADA,SALIDA,NIF) values ('138',to_date('19/12/22 08:00:00','DD/MM/RR HH24:MI:SS'),to_date('19/12/22 16:00:00','DD/MM/RR HH24:MI:SS'),'09462675S');
Insert into UBD3707.TURNO (ID_TURNO,ENTRADA,SALIDA,NIF) values ('140',to_date('20/12/22 16:00:00','DD/MM/RR HH24:MI:SS'),to_date('21/12/22 00:00:00','DD/MM/RR HH24:MI:SS'),'09462675S');
Insert into UBD3707.TURNO (ID_TURNO,ENTRADA,SALIDA,NIF) values ('141',to_date('21/12/22 08:00:00','DD/MM/RR HH24:MI:SS'),to_date('21/12/22 16:00:00','DD/MM/RR HH24:MI:SS'),'09462675S');
Insert into UBD3707.TURNO (ID_TURNO,ENTRADA,SALIDA,NIF) values ('142',to_date('22/12/22 08:00:00','DD/MM/RR HH24:MI:SS'),to_date('22/12/22 16:00:00','DD/MM/RR HH24:MI:SS'),'09462675S');
Insert into UBD3707.TURNO (ID_TURNO,ENTRADA,SALIDA,NIF) values ('143',to_date('23/12/22 08:00:00','DD/MM/RR HH24:MI:SS'),to_date('23/12/22 16:00:00','DD/MM/RR HH24:MI:SS'),'09462675S');
Insert into UBD3707.TURNO (ID_TURNO,ENTRADA,SALIDA,NIF) values ('144',to_date('25/12/22 00:00:00','DD/MM/RR HH24:MI:SS'),to_date('25/12/22 08:00:00','DD/MM/RR HH24:MI:SS'),'09462675S');
Insert into UBD3707.TURNO (ID_TURNO,ENTRADA,SALIDA,NIF) values ('145',to_date('25/12/22 08:00:00','DD/MM/RR HH24:MI:SS'),to_date('25/12/22 16:00:00','DD/MM/RR HH24:MI:SS'),'09462675S');
Insert into UBD3707.TURNO (ID_TURNO,ENTRADA,SALIDA,NIF) values ('146',to_date('26/12/22 08:00:00','DD/MM/RR HH24:MI:SS'),to_date('26/12/22 16:00:00','DD/MM/RR HH24:MI:SS'),'09462675S');
Insert into UBD3707.TURNO (ID_TURNO,ENTRADA,SALIDA,NIF) values ('147',to_date('28/12/22 00:00:00','DD/MM/RR HH24:MI:SS'),to_date('28/12/22 08:00:00','DD/MM/RR HH24:MI:SS'),'09462675S');
Insert into UBD3707.TURNO (ID_TURNO,ENTRADA,SALIDA,NIF) values ('148',to_date('28/12/22 16:00:00','DD/MM/RR HH24:MI:SS'),to_date('29/12/22 00:00:00','DD/MM/RR HH24:MI:SS'),'09462675S');
Insert into UBD3707.TURNO (ID_TURNO,ENTRADA,SALIDA,NIF) values ('149',to_date('29/12/22 08:00:00','DD/MM/RR HH24:MI:SS'),to_date('29/12/22 16:00:00','DD/MM/RR HH24:MI:SS'),'09462675S');
Insert into UBD3707.TURNO (ID_TURNO,ENTRADA,SALIDA,NIF) values ('150',to_date('30/12/22 08:00:00','DD/MM/RR HH24:MI:SS'),to_date('30/12/22 16:00:00','DD/MM/RR HH24:MI:SS'),'09462675S');
Insert into UBD3707.TURNO (ID_TURNO,ENTRADA,SALIDA,NIF) values ('91',to_date('01/12/22 16:00:00','DD/MM/RR HH24:MI:SS'),to_date('02/12/22 00:00:00','DD/MM/RR HH24:MI:SS'),'88096570S');
Insert into UBD3707.TURNO (ID_TURNO,ENTRADA,SALIDA,NIF) values ('92',to_date('02/12/22 16:00:00','DD/MM/RR HH24:MI:SS'),to_date('03/12/22 00:00:00','DD/MM/RR HH24:MI:SS'),'88096570S');
Insert into UBD3707.TURNO (ID_TURNO,ENTRADA,SALIDA,NIF) values ('93',to_date('03/12/22 16:00:00','DD/MM/RR HH24:MI:SS'),to_date('04/12/22 00:00:00','DD/MM/RR HH24:MI:SS'),'88096570S');
Insert into UBD3707.TURNO (ID_TURNO,ENTRADA,SALIDA,NIF) values ('94',to_date('05/12/22 00:00:00','DD/MM/RR HH24:MI:SS'),to_date('05/12/22 08:00:00','DD/MM/RR HH24:MI:SS'),'88096570S');
Insert into UBD3707.TURNO (ID_TURNO,ENTRADA,SALIDA,NIF) values ('95',to_date('05/12/22 08:00:00','DD/MM/RR HH24:MI:SS'),to_date('05/12/22 16:00:00','DD/MM/RR HH24:MI:SS'),'88096570S');
Insert into UBD3707.TURNO (ID_TURNO,ENTRADA,SALIDA,NIF) values ('96',to_date('06/12/22 16:00:00','DD/MM/RR HH24:MI:SS'),to_date('07/12/22 00:00:00','DD/MM/RR HH24:MI:SS'),'88096570S');
Insert into UBD3707.TURNO (ID_TURNO,ENTRADA,SALIDA,NIF) values ('97',to_date('07/12/22 16:00:00','DD/MM/RR HH24:MI:SS'),to_date('08/12/22 00:00:00','DD/MM/RR HH24:MI:SS'),'88096570S');
Insert into UBD3707.TURNO (ID_TURNO,ENTRADA,SALIDA,NIF) values ('100',to_date('09/12/22 00:00:00','DD/MM/RR HH24:MI:SS'),to_date('09/12/22 08:00:00','DD/MM/RR HH24:MI:SS'),'88096570S');
Insert into UBD3707.TURNO (ID_TURNO,ENTRADA,SALIDA,NIF) values ('101',to_date('09/12/22 16:00:00','DD/MM/RR HH24:MI:SS'),to_date('10/12/22 00:00:00','DD/MM/RR HH24:MI:SS'),'88096570S');
Insert into UBD3707.TURNO (ID_TURNO,ENTRADA,SALIDA,NIF) values ('103',to_date('11/12/22 00:00:00','DD/MM/RR HH24:MI:SS'),to_date('11/12/22 08:00:00','DD/MM/RR HH24:MI:SS'),'88096570S');
Insert into UBD3707.TURNO (ID_TURNO,ENTRADA,SALIDA,NIF) values ('105',to_date('11/12/22 16:00:00','DD/MM/RR HH24:MI:SS'),to_date('12/12/22 00:00:00','DD/MM/RR HH24:MI:SS'),'88096570S');
Insert into UBD3707.TURNO (ID_TURNO,ENTRADA,SALIDA,NIF) values ('106',to_date('12/12/22 16:00:00','DD/MM/RR HH24:MI:SS'),to_date('13/12/22 00:00:00','DD/MM/RR HH24:MI:SS'),'88096570S');
Insert into UBD3707.TURNO (ID_TURNO,ENTRADA,SALIDA,NIF) values ('108',to_date('14/12/22 00:00:00','DD/MM/RR HH24:MI:SS'),to_date('14/12/22 08:00:00','DD/MM/RR HH24:MI:SS'),'88096570S');
Insert into UBD3707.TURNO (ID_TURNO,ENTRADA,SALIDA,NIF) values ('110',to_date('14/12/22 08:00:00','DD/MM/RR HH24:MI:SS'),to_date('14/12/22 16:00:00','DD/MM/RR HH24:MI:SS'),'88096570S');
Insert into UBD3707.TURNO (ID_TURNO,ENTRADA,SALIDA,NIF) values ('111',to_date('16/12/22 00:00:00','DD/MM/RR HH24:MI:SS'),to_date('16/12/22 08:00:00','DD/MM/RR HH24:MI:SS'),'88096570S');
Insert into UBD3707.TURNO (ID_TURNO,ENTRADA,SALIDA,NIF) values ('113',to_date('16/12/22 08:00:00','DD/MM/RR HH24:MI:SS'),to_date('16/12/22 16:00:00','DD/MM/RR HH24:MI:SS'),'88096570S');
Insert into UBD3707.TURNO (ID_TURNO,ENTRADA,SALIDA,NIF) values ('115',to_date('18/12/22 00:00:00','DD/MM/RR HH24:MI:SS'),to_date('18/12/22 08:00:00','DD/MM/RR HH24:MI:SS'),'88096570S');
Insert into UBD3707.TURNO (ID_TURNO,ENTRADA,SALIDA,NIF) values ('117',to_date('18/12/22 08:00:00','DD/MM/RR HH24:MI:SS'),to_date('18/12/22 16:00:00','DD/MM/RR HH24:MI:SS'),'88096570S');
Insert into UBD3707.TURNO (ID_TURNO,ENTRADA,SALIDA,NIF) values ('119',to_date('19/12/22 08:00:00','DD/MM/RR HH24:MI:SS'),to_date('19/12/22 16:00:00','DD/MM/RR HH24:MI:SS'),'88096570S');
Insert into UBD3707.TURNO (ID_TURNO,ENTRADA,SALIDA,NIF) values ('121',to_date('20/12/22 08:00:00','DD/MM/RR HH24:MI:SS'),to_date('20/12/22 16:00:00','DD/MM/RR HH24:MI:SS'),'88096570S');
Insert into UBD3707.TURNO (ID_TURNO,ENTRADA,SALIDA,NIF) values ('122',to_date('21/12/22 16:00:00','DD/MM/RR HH24:MI:SS'),to_date('22/12/22 00:00:00','DD/MM/RR HH24:MI:SS'),'88096570S');
Insert into UBD3707.TURNO (ID_TURNO,ENTRADA,SALIDA,NIF) values ('125',to_date('22/12/22 16:00:00','DD/MM/RR HH24:MI:SS'),to_date('23/12/22 00:00:00','DD/MM/RR HH24:MI:SS'),'88096570S');
Insert into UBD3707.TURNO (ID_TURNO,ENTRADA,SALIDA,NIF) values ('127',to_date('24/12/22 00:00:00','DD/MM/RR HH24:MI:SS'),to_date('24/12/22 08:00:00','DD/MM/RR HH24:MI:SS'),'88096570S');
Insert into UBD3707.TURNO (ID_TURNO,ENTRADA,SALIDA,NIF) values ('129',to_date('24/12/22 08:00:00','DD/MM/RR HH24:MI:SS'),to_date('24/12/22 16:00:00','DD/MM/RR HH24:MI:SS'),'88096570S');
Insert into UBD3707.TURNO (ID_TURNO,ENTRADA,SALIDA,NIF) values ('131',to_date('25/12/22 08:00:00','DD/MM/RR HH24:MI:SS'),to_date('25/12/22 16:00:00','DD/MM/RR HH24:MI:SS'),'88096570S');
Insert into UBD3707.TURNO (ID_TURNO,ENTRADA,SALIDA,NIF) values ('132',to_date('26/12/22 08:00:00','DD/MM/RR HH24:MI:SS'),to_date('26/12/22 16:00:00','DD/MM/RR HH24:MI:SS'),'88096570S');
Insert into UBD3707.TURNO (ID_TURNO,ENTRADA,SALIDA,NIF) values ('134',to_date('28/12/22 00:00:00','DD/MM/RR HH24:MI:SS'),to_date('28/12/22 08:00:00','DD/MM/RR HH24:MI:SS'),'88096570S');
Insert into UBD3707.TURNO (ID_TURNO,ENTRADA,SALIDA,NIF) values ('136',to_date('28/12/22 08:00:00','DD/MM/RR HH24:MI:SS'),to_date('28/12/22 16:00:00','DD/MM/RR HH24:MI:SS'),'88096570S');
Insert into UBD3707.TURNO (ID_TURNO,ENTRADA,SALIDA,NIF) values ('137',to_date('29/12/22 16:00:00','DD/MM/RR HH24:MI:SS'),to_date('30/12/22 00:00:00','DD/MM/RR HH24:MI:SS'),'88096570S');
Insert into UBD3707.TURNO (ID_TURNO,ENTRADA,SALIDA,NIF) values ('139',to_date('30/12/22 16:00:00','DD/MM/RR HH24:MI:SS'),to_date('31/12/22 00:00:00','DD/MM/RR HH24:MI:SS'),'88096570S');
Insert into UBD3707.TURNO (ID_TURNO,ENTRADA,SALIDA,NIF) values ('151',to_date('01/12/22 08:00:00','DD/MM/RR HH24:MI:SS'),to_date('01/12/22 16:00:00','DD/MM/RR HH24:MI:SS'),'32849429R');
Insert into UBD3707.TURNO (ID_TURNO,ENTRADA,SALIDA,NIF) values ('152',to_date('02/12/22 08:00:00','DD/MM/RR HH24:MI:SS'),to_date('02/12/22 16:00:00','DD/MM/RR HH24:MI:SS'),'32849429R');
Insert into UBD3707.TURNO (ID_TURNO,ENTRADA,SALIDA,NIF) values ('153',to_date('03/12/22 16:00:00','DD/MM/RR HH24:MI:SS'),to_date('04/12/22 00:00:00','DD/MM/RR HH24:MI:SS'),'32849429R');
Insert into UBD3707.TURNO (ID_TURNO,ENTRADA,SALIDA,NIF) values ('154',to_date('04/12/22 08:00:00','DD/MM/RR HH24:MI:SS'),to_date('04/12/22 16:00:00','DD/MM/RR HH24:MI:SS'),'32849429R');
Insert into UBD3707.TURNO (ID_TURNO,ENTRADA,SALIDA,NIF) values ('155',to_date('05/12/22 16:00:00','DD/MM/RR HH24:MI:SS'),to_date('06/12/22 00:00:00','DD/MM/RR HH24:MI:SS'),'32849429R');
Insert into UBD3707.TURNO (ID_TURNO,ENTRADA,SALIDA,NIF) values ('156',to_date('07/12/22 00:00:00','DD/MM/RR HH24:MI:SS'),to_date('07/12/22 08:00:00','DD/MM/RR HH24:MI:SS'),'32849429R');
Insert into UBD3707.TURNO (ID_TURNO,ENTRADA,SALIDA,NIF) values ('157',to_date('07/12/22 16:00:00','DD/MM/RR HH24:MI:SS'),to_date('08/12/22 00:00:00','DD/MM/RR HH24:MI:SS'),'32849429R');
Insert into UBD3707.TURNO (ID_TURNO,ENTRADA,SALIDA,NIF) values ('158',to_date('08/12/22 08:00:00','DD/MM/RR HH24:MI:SS'),to_date('08/12/22 16:00:00','DD/MM/RR HH24:MI:SS'),'32849429R');
Insert into UBD3707.TURNO (ID_TURNO,ENTRADA,SALIDA,NIF) values ('159',to_date('09/12/22 16:00:00','DD/MM/RR HH24:MI:SS'),to_date('10/12/22 00:00:00','DD/MM/RR HH24:MI:SS'),'32849429R');
Insert into UBD3707.TURNO (ID_TURNO,ENTRADA,SALIDA,NIF) values ('160',to_date('11/12/22 00:00:00','DD/MM/RR HH24:MI:SS'),to_date('11/12/22 08:00:00','DD/MM/RR HH24:MI:SS'),'32849429R');
Insert into UBD3707.TURNO (ID_TURNO,ENTRADA,SALIDA,NIF) values ('161',to_date('12/12/22 00:00:00','DD/MM/RR HH24:MI:SS'),to_date('12/12/22 08:00:00','DD/MM/RR HH24:MI:SS'),'32849429R');
Insert into UBD3707.TURNO (ID_TURNO,ENTRADA,SALIDA,NIF) values ('162',to_date('12/12/22 08:00:00','DD/MM/RR HH24:MI:SS'),to_date('12/12/22 16:00:00','DD/MM/RR HH24:MI:SS'),'32849429R');
Insert into UBD3707.TURNO (ID_TURNO,ENTRADA,SALIDA,NIF) values ('163',to_date('13/12/22 08:00:00','DD/MM/RR HH24:MI:SS'),to_date('13/12/22 16:00:00','DD/MM/RR HH24:MI:SS'),'32849429R');
Insert into UBD3707.TURNO (ID_TURNO,ENTRADA,SALIDA,NIF) values ('164',to_date('15/12/22 00:00:00','DD/MM/RR HH24:MI:SS'),to_date('15/12/22 08:00:00','DD/MM/RR HH24:MI:SS'),'32849429R');
Insert into UBD3707.TURNO (ID_TURNO,ENTRADA,SALIDA,NIF) values ('165',to_date('15/12/22 16:00:00','DD/MM/RR HH24:MI:SS'),to_date('16/12/22 00:00:00','DD/MM/RR HH24:MI:SS'),'32849429R');
Insert into UBD3707.TURNO (ID_TURNO,ENTRADA,SALIDA,NIF) values ('166',to_date('16/12/22 16:00:00','DD/MM/RR HH24:MI:SS'),to_date('17/12/22 00:00:00','DD/MM/RR HH24:MI:SS'),'32849429R');
Insert into UBD3707.TURNO (ID_TURNO,ENTRADA,SALIDA,NIF) values ('167',to_date('17/12/22 16:00:00','DD/MM/RR HH24:MI:SS'),to_date('18/12/22 00:00:00','DD/MM/RR HH24:MI:SS'),'32849429R');
Insert into UBD3707.TURNO (ID_TURNO,ENTRADA,SALIDA,NIF) values ('168',to_date('18/12/22 16:00:00','DD/MM/RR HH24:MI:SS'),to_date('19/12/22 00:00:00','DD/MM/RR HH24:MI:SS'),'32849429R');
Insert into UBD3707.TURNO (ID_TURNO,ENTRADA,SALIDA,NIF) values ('169',to_date('20/12/22 00:00:00','DD/MM/RR HH24:MI:SS'),to_date('20/12/22 08:00:00','DD/MM/RR HH24:MI:SS'),'32849429R');
Insert into UBD3707.TURNO (ID_TURNO,ENTRADA,SALIDA,NIF) values ('170',to_date('20/12/22 08:00:00','DD/MM/RR HH24:MI:SS'),to_date('20/12/22 16:00:00','DD/MM/RR HH24:MI:SS'),'32849429R');
Insert into UBD3707.TURNO (ID_TURNO,ENTRADA,SALIDA,NIF) values ('171',to_date('22/12/22 00:00:00','DD/MM/RR HH24:MI:SS'),to_date('22/12/22 08:00:00','DD/MM/RR HH24:MI:SS'),'32849429R');
Insert into UBD3707.TURNO (ID_TURNO,ENTRADA,SALIDA,NIF) values ('172',to_date('23/12/22 00:00:00','DD/MM/RR HH24:MI:SS'),to_date('23/12/22 08:00:00','DD/MM/RR HH24:MI:SS'),'32849429R');
Insert into UBD3707.TURNO (ID_TURNO,ENTRADA,SALIDA,NIF) values ('173',to_date('23/12/22 16:00:00','DD/MM/RR HH24:MI:SS'),to_date('24/12/22 00:00:00','DD/MM/RR HH24:MI:SS'),'32849429R');
Insert into UBD3707.TURNO (ID_TURNO,ENTRADA,SALIDA,NIF) values ('174',to_date('25/12/22 00:00:00','DD/MM/RR HH24:MI:SS'),to_date('25/12/22 08:00:00','DD/MM/RR HH24:MI:SS'),'32849429R');
Insert into UBD3707.TURNO (ID_TURNO,ENTRADA,SALIDA,NIF) values ('175',to_date('25/12/22 08:00:00','DD/MM/RR HH24:MI:SS'),to_date('25/12/22 16:00:00','DD/MM/RR HH24:MI:SS'),'32849429R');
Insert into UBD3707.TURNO (ID_TURNO,ENTRADA,SALIDA,NIF) values ('176',to_date('26/12/22 08:00:00','DD/MM/RR HH24:MI:SS'),to_date('26/12/22 16:00:00','DD/MM/RR HH24:MI:SS'),'32849429R');
Insert into UBD3707.TURNO (ID_TURNO,ENTRADA,SALIDA,NIF) values ('177',to_date('27/12/22 08:00:00','DD/MM/RR HH24:MI:SS'),to_date('27/12/22 16:00:00','DD/MM/RR HH24:MI:SS'),'32849429R');
Insert into UBD3707.TURNO (ID_TURNO,ENTRADA,SALIDA,NIF) values ('178',to_date('29/12/22 00:00:00','DD/MM/RR HH24:MI:SS'),to_date('29/12/22 08:00:00','DD/MM/RR HH24:MI:SS'),'32849429R');
Insert into UBD3707.TURNO (ID_TURNO,ENTRADA,SALIDA,NIF) values ('179',to_date('30/12/22 00:00:00','DD/MM/RR HH24:MI:SS'),to_date('30/12/22 08:00:00','DD/MM/RR HH24:MI:SS'),'32849429R');
Insert into UBD3707.TURNO (ID_TURNO,ENTRADA,SALIDA,NIF) values ('180',to_date('30/12/22 16:00:00','DD/MM/RR HH24:MI:SS'),to_date('31/12/22 00:00:00','DD/MM/RR HH24:MI:SS'),'32849429R');
Insert into UBD3707.TURNO (ID_TURNO,ENTRADA,SALIDA,NIF) values ('181',to_date('01/12/22 16:00:00','DD/MM/RR HH24:MI:SS'),to_date('02/12/22 00:00:00','DD/MM/RR HH24:MI:SS'),'47180520E');
Insert into UBD3707.TURNO (ID_TURNO,ENTRADA,SALIDA,NIF) values ('182',to_date('02/12/22 16:00:00','DD/MM/RR HH24:MI:SS'),to_date('03/12/22 00:00:00','DD/MM/RR HH24:MI:SS'),'47180520E');
Insert into UBD3707.TURNO (ID_TURNO,ENTRADA,SALIDA,NIF) values ('183',to_date('03/12/22 16:00:00','DD/MM/RR HH24:MI:SS'),to_date('04/12/22 00:00:00','DD/MM/RR HH24:MI:SS'),'47180520E');
Insert into UBD3707.TURNO (ID_TURNO,ENTRADA,SALIDA,NIF) values ('184',to_date('04/12/22 08:00:00','DD/MM/RR HH24:MI:SS'),to_date('04/12/22 16:00:00','DD/MM/RR HH24:MI:SS'),'47180520E');
Insert into UBD3707.TURNO (ID_TURNO,ENTRADA,SALIDA,NIF) values ('185',to_date('05/12/22 16:00:00','DD/MM/RR HH24:MI:SS'),to_date('06/12/22 00:00:00','DD/MM/RR HH24:MI:SS'),'47180520E');
Insert into UBD3707.TURNO (ID_TURNO,ENTRADA,SALIDA,NIF) values ('186',to_date('06/12/22 08:00:00','DD/MM/RR HH24:MI:SS'),to_date('06/12/22 16:00:00','DD/MM/RR HH24:MI:SS'),'47180520E');
Insert into UBD3707.TURNO (ID_TURNO,ENTRADA,SALIDA,NIF) values ('187',to_date('08/12/22 00:00:00','DD/MM/RR HH24:MI:SS'),to_date('08/12/22 08:00:00','DD/MM/RR HH24:MI:SS'),'47180520E');
Insert into UBD3707.TURNO (ID_TURNO,ENTRADA,SALIDA,NIF) values ('188',to_date('08/12/22 08:00:00','DD/MM/RR HH24:MI:SS'),to_date('08/12/22 16:00:00','DD/MM/RR HH24:MI:SS'),'47180520E');
Insert into UBD3707.TURNO (ID_TURNO,ENTRADA,SALIDA,NIF) values ('189',to_date('10/12/22 00:00:00','DD/MM/RR HH24:MI:SS'),to_date('10/12/22 08:00:00','DD/MM/RR HH24:MI:SS'),'47180520E');
Insert into UBD3707.TURNO (ID_TURNO,ENTRADA,SALIDA,NIF) values ('190',to_date('10/12/22 08:00:00','DD/MM/RR HH24:MI:SS'),to_date('10/12/22 16:00:00','DD/MM/RR HH24:MI:SS'),'47180520E');
Insert into UBD3707.TURNO (ID_TURNO,ENTRADA,SALIDA,NIF) values ('191',to_date('11/12/22 08:00:00','DD/MM/RR HH24:MI:SS'),to_date('11/12/22 16:00:00','DD/MM/RR HH24:MI:SS'),'47180520E');
Insert into UBD3707.TURNO (ID_TURNO,ENTRADA,SALIDA,NIF) values ('192',to_date('12/12/22 16:00:00','DD/MM/RR HH24:MI:SS'),to_date('13/12/22 00:00:00','DD/MM/RR HH24:MI:SS'),'47180520E');
Insert into UBD3707.TURNO (ID_TURNO,ENTRADA,SALIDA,NIF) values ('193',to_date('13/12/22 08:00:00','DD/MM/RR HH24:MI:SS'),to_date('13/12/22 16:00:00','DD/MM/RR HH24:MI:SS'),'47180520E');
Insert into UBD3707.TURNO (ID_TURNO,ENTRADA,SALIDA,NIF) values ('194',to_date('15/12/22 00:00:00','DD/MM/RR HH24:MI:SS'),to_date('15/12/22 08:00:00','DD/MM/RR HH24:MI:SS'),'47180520E');
Insert into UBD3707.TURNO (ID_TURNO,ENTRADA,SALIDA,NIF) values ('195',to_date('16/12/22 00:00:00','DD/MM/RR HH24:MI:SS'),to_date('16/12/22 08:00:00','DD/MM/RR HH24:MI:SS'),'47180520E');
Insert into UBD3707.TURNO (ID_TURNO,ENTRADA,SALIDA,NIF) values ('196',to_date('16/12/22 16:00:00','DD/MM/RR HH24:MI:SS'),to_date('17/12/22 00:00:00','DD/MM/RR HH24:MI:SS'),'47180520E');
Insert into UBD3707.TURNO (ID_TURNO,ENTRADA,SALIDA,NIF) values ('197',to_date('17/12/22 16:00:00','DD/MM/RR HH24:MI:SS'),to_date('18/12/22 00:00:00','DD/MM/RR HH24:MI:SS'),'47180520E');
Insert into UBD3707.TURNO (ID_TURNO,ENTRADA,SALIDA,NIF) values ('198',to_date('18/12/22 08:00:00','DD/MM/RR HH24:MI:SS'),to_date('18/12/22 16:00:00','DD/MM/RR HH24:MI:SS'),'47180520E');
Insert into UBD3707.TURNO (ID_TURNO,ENTRADA,SALIDA,NIF) values ('199',to_date('19/12/22 16:00:00','DD/MM/RR HH24:MI:SS'),to_date('20/12/22 00:00:00','DD/MM/RR HH24:MI:SS'),'47180520E');
Insert into UBD3707.TURNO (ID_TURNO,ENTRADA,SALIDA,NIF) values ('200',to_date('21/12/22 00:00:00','DD/MM/RR HH24:MI:SS'),to_date('21/12/22 08:00:00','DD/MM/RR HH24:MI:SS'),'47180520E');
Insert into UBD3707.TURNO (ID_TURNO,ENTRADA,SALIDA,NIF) values ('201',to_date('21/12/22 08:00:00','DD/MM/RR HH24:MI:SS'),to_date('21/12/22 16:00:00','DD/MM/RR HH24:MI:SS'),'47180520E');
Insert into UBD3707.TURNO (ID_TURNO,ENTRADA,SALIDA,NIF) values ('202',to_date('22/12/22 08:00:00','DD/MM/RR HH24:MI:SS'),to_date('22/12/22 16:00:00','DD/MM/RR HH24:MI:SS'),'47180520E');
Insert into UBD3707.TURNO (ID_TURNO,ENTRADA,SALIDA,NIF) values ('203',to_date('23/12/22 16:00:00','DD/MM/RR HH24:MI:SS'),to_date('24/12/22 00:00:00','DD/MM/RR HH24:MI:SS'),'47180520E');
Insert into UBD3707.TURNO (ID_TURNO,ENTRADA,SALIDA,NIF) values ('204',to_date('24/12/22 08:00:00','DD/MM/RR HH24:MI:SS'),to_date('24/12/22 16:00:00','DD/MM/RR HH24:MI:SS'),'47180520E');
Insert into UBD3707.TURNO (ID_TURNO,ENTRADA,SALIDA,NIF) values ('205',to_date('26/12/22 00:00:00','DD/MM/RR HH24:MI:SS'),to_date('26/12/22 08:00:00','DD/MM/RR HH24:MI:SS'),'47180520E');
Insert into UBD3707.TURNO (ID_TURNO,ENTRADA,SALIDA,NIF) values ('206',to_date('26/12/22 08:00:00','DD/MM/RR HH24:MI:SS'),to_date('26/12/22 16:00:00','DD/MM/RR HH24:MI:SS'),'47180520E');
Insert into UBD3707.TURNO (ID_TURNO,ENTRADA,SALIDA,NIF) values ('207',to_date('28/12/22 00:00:00','DD/MM/RR HH24:MI:SS'),to_date('28/12/22 08:00:00','DD/MM/RR HH24:MI:SS'),'47180520E');
Insert into UBD3707.TURNO (ID_TURNO,ENTRADA,SALIDA,NIF) values ('208',to_date('28/12/22 08:00:00','DD/MM/RR HH24:MI:SS'),to_date('28/12/22 16:00:00','DD/MM/RR HH24:MI:SS'),'47180520E');
Insert into UBD3707.TURNO (ID_TURNO,ENTRADA,SALIDA,NIF) values ('209',to_date('30/12/22 00:00:00','DD/MM/RR HH24:MI:SS'),to_date('30/12/22 08:00:00','DD/MM/RR HH24:MI:SS'),'47180520E');
Insert into UBD3707.TURNO (ID_TURNO,ENTRADA,SALIDA,NIF) values ('210',to_date('31/12/22 00:00:00','DD/MM/RR HH24:MI:SS'),to_date('31/12/22 08:00:00','DD/MM/RR HH24:MI:SS'),'47180520E');
Insert into UBD3707.TURNO (ID_TURNO,ENTRADA,SALIDA,NIF) values ('211',to_date('01/12/22 16:00:00','DD/MM/RR HH24:MI:SS'),to_date('02/12/22 00:00:00','DD/MM/RR HH24:MI:SS'),'52370908T');
Insert into UBD3707.TURNO (ID_TURNO,ENTRADA,SALIDA,NIF) values ('212',to_date('03/12/22 00:00:00','DD/MM/RR HH24:MI:SS'),to_date('03/12/22 08:00:00','DD/MM/RR HH24:MI:SS'),'52370908T');
Insert into UBD3707.TURNO (ID_TURNO,ENTRADA,SALIDA,NIF) values ('213',to_date('03/12/22 16:00:00','DD/MM/RR HH24:MI:SS'),to_date('04/12/22 00:00:00','DD/MM/RR HH24:MI:SS'),'52370908T');
Insert into UBD3707.TURNO (ID_TURNO,ENTRADA,SALIDA,NIF) values ('214',to_date('04/12/22 16:00:00','DD/MM/RR HH24:MI:SS'),to_date('05/12/22 00:00:00','DD/MM/RR HH24:MI:SS'),'52370908T');
Insert into UBD3707.TURNO (ID_TURNO,ENTRADA,SALIDA,NIF) values ('215',to_date('06/12/22 00:00:00','DD/MM/RR HH24:MI:SS'),to_date('06/12/22 08:00:00','DD/MM/RR HH24:MI:SS'),'52370908T');
Insert into UBD3707.TURNO (ID_TURNO,ENTRADA,SALIDA,NIF) values ('216',to_date('06/12/22 08:00:00','DD/MM/RR HH24:MI:SS'),to_date('06/12/22 16:00:00','DD/MM/RR HH24:MI:SS'),'52370908T');
Insert into UBD3707.TURNO (ID_TURNO,ENTRADA,SALIDA,NIF) values ('217',to_date('08/12/22 00:00:00','DD/MM/RR HH24:MI:SS'),to_date('08/12/22 08:00:00','DD/MM/RR HH24:MI:SS'),'52370908T');
Insert into UBD3707.TURNO (ID_TURNO,ENTRADA,SALIDA,NIF) values ('218',to_date('08/12/22 08:00:00','DD/MM/RR HH24:MI:SS'),to_date('08/12/22 16:00:00','DD/MM/RR HH24:MI:SS'),'52370908T');
Insert into UBD3707.TURNO (ID_TURNO,ENTRADA,SALIDA,NIF) values ('219',to_date('10/12/22 00:00:00','DD/MM/RR HH24:MI:SS'),to_date('10/12/22 08:00:00','DD/MM/RR HH24:MI:SS'),'52370908T');
Insert into UBD3707.TURNO (ID_TURNO,ENTRADA,SALIDA,NIF) values ('220',to_date('10/12/22 16:00:00','DD/MM/RR HH24:MI:SS'),to_date('11/12/22 00:00:00','DD/MM/RR HH24:MI:SS'),'52370908T');
Insert into UBD3707.TURNO (ID_TURNO,ENTRADA,SALIDA,NIF) values ('221',to_date('11/12/22 16:00:00','DD/MM/RR HH24:MI:SS'),to_date('12/12/22 00:00:00','DD/MM/RR HH24:MI:SS'),'52370908T');
Insert into UBD3707.TURNO (ID_TURNO,ENTRADA,SALIDA,NIF) values ('222',to_date('13/12/22 00:00:00','DD/MM/RR HH24:MI:SS'),to_date('13/12/22 08:00:00','DD/MM/RR HH24:MI:SS'),'52370908T');
Insert into UBD3707.TURNO (ID_TURNO,ENTRADA,SALIDA,NIF) values ('223',to_date('13/12/22 08:00:00','DD/MM/RR HH24:MI:SS'),to_date('13/12/22 16:00:00','DD/MM/RR HH24:MI:SS'),'52370908T');
Insert into UBD3707.TURNO (ID_TURNO,ENTRADA,SALIDA,NIF) values ('224',to_date('14/12/22 16:00:00','DD/MM/RR HH24:MI:SS'),to_date('15/12/22 00:00:00','DD/MM/RR HH24:MI:SS'),'52370908T');
Insert into UBD3707.TURNO (ID_TURNO,ENTRADA,SALIDA,NIF) values ('225',to_date('15/12/22 16:00:00','DD/MM/RR HH24:MI:SS'),to_date('16/12/22 00:00:00','DD/MM/RR HH24:MI:SS'),'52370908T');
Insert into UBD3707.TURNO (ID_TURNO,ENTRADA,SALIDA,NIF) values ('226',to_date('16/12/22 16:00:00','DD/MM/RR HH24:MI:SS'),to_date('17/12/22 00:00:00','DD/MM/RR HH24:MI:SS'),'52370908T');
Insert into UBD3707.TURNO (ID_TURNO,ENTRADA,SALIDA,NIF) values ('227',to_date('17/12/22 08:00:00','DD/MM/RR HH24:MI:SS'),to_date('17/12/22 16:00:00','DD/MM/RR HH24:MI:SS'),'52370908T');
Insert into UBD3707.TURNO (ID_TURNO,ENTRADA,SALIDA,NIF) values ('228',to_date('18/12/22 16:00:00','DD/MM/RR HH24:MI:SS'),to_date('19/12/22 00:00:00','DD/MM/RR HH24:MI:SS'),'52370908T');
Insert into UBD3707.TURNO (ID_TURNO,ENTRADA,SALIDA,NIF) values ('229',to_date('19/12/22 16:00:00','DD/MM/RR HH24:MI:SS'),to_date('20/12/22 00:00:00','DD/MM/RR HH24:MI:SS'),'52370908T');
Insert into UBD3707.TURNO (ID_TURNO,ENTRADA,SALIDA,NIF) values ('230',to_date('20/12/22 08:00:00','DD/MM/RR HH24:MI:SS'),to_date('20/12/22 16:00:00','DD/MM/RR HH24:MI:SS'),'52370908T');
Insert into UBD3707.TURNO (ID_TURNO,ENTRADA,SALIDA,NIF) values ('231',to_date('21/12/22 08:00:00','DD/MM/RR HH24:MI:SS'),to_date('21/12/22 16:00:00','DD/MM/RR HH24:MI:SS'),'52370908T');
Insert into UBD3707.TURNO (ID_TURNO,ENTRADA,SALIDA,NIF) values ('232',to_date('22/12/22 08:00:00','DD/MM/RR HH24:MI:SS'),to_date('22/12/22 16:00:00','DD/MM/RR HH24:MI:SS'),'52370908T');
Insert into UBD3707.TURNO (ID_TURNO,ENTRADA,SALIDA,NIF) values ('233',to_date('23/12/22 08:00:00','DD/MM/RR HH24:MI:SS'),to_date('23/12/22 16:00:00','DD/MM/RR HH24:MI:SS'),'52370908T');
Insert into UBD3707.TURNO (ID_TURNO,ENTRADA,SALIDA,NIF) values ('234',to_date('24/12/22 16:00:00','DD/MM/RR HH24:MI:SS'),to_date('25/12/22 00:00:00','DD/MM/RR HH24:MI:SS'),'52370908T');
Insert into UBD3707.TURNO (ID_TURNO,ENTRADA,SALIDA,NIF) values ('235',to_date('26/12/22 00:00:00','DD/MM/RR HH24:MI:SS'),to_date('26/12/22 08:00:00','DD/MM/RR HH24:MI:SS'),'52370908T');
Insert into UBD3707.TURNO (ID_TURNO,ENTRADA,SALIDA,NIF) values ('236',to_date('26/12/22 08:00:00','DD/MM/RR HH24:MI:SS'),to_date('26/12/22 16:00:00','DD/MM/RR HH24:MI:SS'),'52370908T');
Insert into UBD3707.TURNO (ID_TURNO,ENTRADA,SALIDA,NIF) values ('237',to_date('27/12/22 08:00:00','DD/MM/RR HH24:MI:SS'),to_date('27/12/22 16:00:00','DD/MM/RR HH24:MI:SS'),'52370908T');
Insert into UBD3707.TURNO (ID_TURNO,ENTRADA,SALIDA,NIF) values ('238',to_date('28/12/22 16:00:00','DD/MM/RR HH24:MI:SS'),to_date('29/12/22 00:00:00','DD/MM/RR HH24:MI:SS'),'52370908T');
Insert into UBD3707.TURNO (ID_TURNO,ENTRADA,SALIDA,NIF) values ('239',to_date('29/12/22 08:00:00','DD/MM/RR HH24:MI:SS'),to_date('29/12/22 16:00:00','DD/MM/RR HH24:MI:SS'),'52370908T');
Insert into UBD3707.TURNO (ID_TURNO,ENTRADA,SALIDA,NIF) values ('240',to_date('31/12/22 00:00:00','DD/MM/RR HH24:MI:SS'),to_date('31/12/22 08:00:00','DD/MM/RR HH24:MI:SS'),'52370908T');
Insert into UBD3707.TURNO (ID_TURNO,ENTRADA,SALIDA,NIF) values ('241',to_date('02/12/22 00:00:00','DD/MM/RR HH24:MI:SS'),to_date('02/12/22 08:00:00','DD/MM/RR HH24:MI:SS'),'57609035S');
Insert into UBD3707.TURNO (ID_TURNO,ENTRADA,SALIDA,NIF) values ('242',to_date('02/12/22 16:00:00','DD/MM/RR HH24:MI:SS'),to_date('03/12/22 00:00:00','DD/MM/RR HH24:MI:SS'),'57609035S');
Insert into UBD3707.TURNO (ID_TURNO,ENTRADA,SALIDA,NIF) values ('243',to_date('03/12/22 16:00:00','DD/MM/RR HH24:MI:SS'),to_date('04/12/22 00:00:00','DD/MM/RR HH24:MI:SS'),'57609035S');
Insert into UBD3707.TURNO (ID_TURNO,ENTRADA,SALIDA,NIF) values ('244',to_date('04/12/22 16:00:00','DD/MM/RR HH24:MI:SS'),to_date('05/12/22 00:00:00','DD/MM/RR HH24:MI:SS'),'57609035S');
Insert into UBD3707.TURNO (ID_TURNO,ENTRADA,SALIDA,NIF) values ('245',to_date('06/12/22 00:00:00','DD/MM/RR HH24:MI:SS'),to_date('06/12/22 08:00:00','DD/MM/RR HH24:MI:SS'),'57609035S');
Insert into UBD3707.TURNO (ID_TURNO,ENTRADA,SALIDA,NIF) values ('246',to_date('06/12/22 08:00:00','DD/MM/RR HH24:MI:SS'),to_date('06/12/22 16:00:00','DD/MM/RR HH24:MI:SS'),'57609035S');
Insert into UBD3707.TURNO (ID_TURNO,ENTRADA,SALIDA,NIF) values ('247',to_date('07/12/22 08:00:00','DD/MM/RR HH24:MI:SS'),to_date('07/12/22 16:00:00','DD/MM/RR HH24:MI:SS'),'57609035S');
Insert into UBD3707.TURNO (ID_TURNO,ENTRADA,SALIDA,NIF) values ('248',to_date('09/12/22 00:00:00','DD/MM/RR HH24:MI:SS'),to_date('09/12/22 08:00:00','DD/MM/RR HH24:MI:SS'),'57609035S');
Insert into UBD3707.TURNO (ID_TURNO,ENTRADA,SALIDA,NIF) values ('249',to_date('10/12/22 00:00:00','DD/MM/RR HH24:MI:SS'),to_date('10/12/22 08:00:00','DD/MM/RR HH24:MI:SS'),'57609035S');
Insert into UBD3707.TURNO (ID_TURNO,ENTRADA,SALIDA,NIF) values ('250',to_date('10/12/22 08:00:00','DD/MM/RR HH24:MI:SS'),to_date('10/12/22 16:00:00','DD/MM/RR HH24:MI:SS'),'57609035S');
Insert into UBD3707.TURNO (ID_TURNO,ENTRADA,SALIDA,NIF) values ('251',to_date('12/12/22 00:00:00','DD/MM/RR HH24:MI:SS'),to_date('12/12/22 08:00:00','DD/MM/RR HH24:MI:SS'),'57609035S');
Insert into UBD3707.TURNO (ID_TURNO,ENTRADA,SALIDA,NIF) values ('252',to_date('13/12/22 00:00:00','DD/MM/RR HH24:MI:SS'),to_date('13/12/22 08:00:00','DD/MM/RR HH24:MI:SS'),'57609035S');
Insert into UBD3707.TURNO (ID_TURNO,ENTRADA,SALIDA,NIF) values ('253',to_date('14/12/22 00:00:00','DD/MM/RR HH24:MI:SS'),to_date('14/12/22 08:00:00','DD/MM/RR HH24:MI:SS'),'57609035S');
Insert into UBD3707.TURNO (ID_TURNO,ENTRADA,SALIDA,NIF) values ('254',to_date('15/12/22 00:00:00','DD/MM/RR HH24:MI:SS'),to_date('15/12/22 08:00:00','DD/MM/RR HH24:MI:SS'),'57609035S');
Insert into UBD3707.TURNO (ID_TURNO,ENTRADA,SALIDA,NIF) values ('255',to_date('16/12/22 00:00:00','DD/MM/RR HH24:MI:SS'),to_date('16/12/22 08:00:00','DD/MM/RR HH24:MI:SS'),'57609035S');
Insert into UBD3707.TURNO (ID_TURNO,ENTRADA,SALIDA,NIF) values ('256',to_date('16/12/22 08:00:00','DD/MM/RR HH24:MI:SS'),to_date('16/12/22 16:00:00','DD/MM/RR HH24:MI:SS'),'57609035S');
Insert into UBD3707.TURNO (ID_TURNO,ENTRADA,SALIDA,NIF) values ('257',to_date('17/12/22 16:00:00','DD/MM/RR HH24:MI:SS'),to_date('18/12/22 00:00:00','DD/MM/RR HH24:MI:SS'),'57609035S');
Insert into UBD3707.TURNO (ID_TURNO,ENTRADA,SALIDA,NIF) values ('258',to_date('18/12/22 16:00:00','DD/MM/RR HH24:MI:SS'),to_date('19/12/22 00:00:00','DD/MM/RR HH24:MI:SS'),'57609035S');
Insert into UBD3707.TURNO (ID_TURNO,ENTRADA,SALIDA,NIF) values ('259',to_date('19/12/22 16:00:00','DD/MM/RR HH24:MI:SS'),to_date('20/12/22 00:00:00','DD/MM/RR HH24:MI:SS'),'57609035S');
Insert into UBD3707.TURNO (ID_TURNO,ENTRADA,SALIDA,NIF) values ('260',to_date('20/12/22 08:00:00','DD/MM/RR HH24:MI:SS'),to_date('20/12/22 16:00:00','DD/MM/RR HH24:MI:SS'),'57609035S');
Insert into UBD3707.TURNO (ID_TURNO,ENTRADA,SALIDA,NIF) values ('261',to_date('21/12/22 16:00:00','DD/MM/RR HH24:MI:SS'),to_date('22/12/22 00:00:00','DD/MM/RR HH24:MI:SS'),'57609035S');
Insert into UBD3707.TURNO (ID_TURNO,ENTRADA,SALIDA,NIF) values ('262',to_date('22/12/22 08:00:00','DD/MM/RR HH24:MI:SS'),to_date('22/12/22 16:00:00','DD/MM/RR HH24:MI:SS'),'57609035S');
Insert into UBD3707.TURNO (ID_TURNO,ENTRADA,SALIDA,NIF) values ('263',to_date('23/12/22 16:00:00','DD/MM/RR HH24:MI:SS'),to_date('24/12/22 00:00:00','DD/MM/RR HH24:MI:SS'),'57609035S');
Insert into UBD3707.TURNO (ID_TURNO,ENTRADA,SALIDA,NIF) values ('264',to_date('25/12/22 00:00:00','DD/MM/RR HH24:MI:SS'),to_date('25/12/22 08:00:00','DD/MM/RR HH24:MI:SS'),'57609035S');
Insert into UBD3707.TURNO (ID_TURNO,ENTRADA,SALIDA,NIF) values ('265',to_date('25/12/22 08:00:00','DD/MM/RR HH24:MI:SS'),to_date('25/12/22 16:00:00','DD/MM/RR HH24:MI:SS'),'57609035S');
Insert into UBD3707.TURNO (ID_TURNO,ENTRADA,SALIDA,NIF) values ('266',to_date('26/12/22 16:00:00','DD/MM/RR HH24:MI:SS'),to_date('27/12/22 00:00:00','DD/MM/RR HH24:MI:SS'),'57609035S');
Insert into UBD3707.TURNO (ID_TURNO,ENTRADA,SALIDA,NIF) values ('267',to_date('27/12/22 16:00:00','DD/MM/RR HH24:MI:SS'),to_date('28/12/22 00:00:00','DD/MM/RR HH24:MI:SS'),'57609035S');
Insert into UBD3707.TURNO (ID_TURNO,ENTRADA,SALIDA,NIF) values ('268',to_date('29/12/22 00:00:00','DD/MM/RR HH24:MI:SS'),to_date('29/12/22 08:00:00','DD/MM/RR HH24:MI:SS'),'57609035S');
Insert into UBD3707.TURNO (ID_TURNO,ENTRADA,SALIDA,NIF) values ('269',to_date('30/12/22 00:00:00','DD/MM/RR HH24:MI:SS'),to_date('30/12/22 08:00:00','DD/MM/RR HH24:MI:SS'),'57609035S');
Insert into UBD3707.TURNO (ID_TURNO,ENTRADA,SALIDA,NIF) values ('270',to_date('31/12/22 00:00:00','DD/MM/RR HH24:MI:SS'),to_date('31/12/22 08:00:00','DD/MM/RR HH24:MI:SS'),'57609035S');
Insert into UBD3707.TURNO (ID_TURNO,ENTRADA,SALIDA,NIF) values ('271',to_date('01/12/22 08:00:00','DD/MM/RR HH24:MI:SS'),to_date('01/12/22 16:00:00','DD/MM/RR HH24:MI:SS'),'59611344J');
Insert into UBD3707.TURNO (ID_TURNO,ENTRADA,SALIDA,NIF) values ('272',to_date('03/12/22 00:00:00','DD/MM/RR HH24:MI:SS'),to_date('03/12/22 08:00:00','DD/MM/RR HH24:MI:SS'),'59611344J');
Insert into UBD3707.TURNO (ID_TURNO,ENTRADA,SALIDA,NIF) values ('273',to_date('03/12/22 16:00:00','DD/MM/RR HH24:MI:SS'),to_date('04/12/22 00:00:00','DD/MM/RR HH24:MI:SS'),'59611344J');
Insert into UBD3707.TURNO (ID_TURNO,ENTRADA,SALIDA,NIF) values ('274',to_date('04/12/22 08:00:00','DD/MM/RR HH24:MI:SS'),to_date('04/12/22 16:00:00','DD/MM/RR HH24:MI:SS'),'59611344J');
Insert into UBD3707.TURNO (ID_TURNO,ENTRADA,SALIDA,NIF) values ('275',to_date('05/12/22 08:00:00','DD/MM/RR HH24:MI:SS'),to_date('05/12/22 16:00:00','DD/MM/RR HH24:MI:SS'),'59611344J');
Insert into UBD3707.TURNO (ID_TURNO,ENTRADA,SALIDA,NIF) values ('276',to_date('06/12/22 08:00:00','DD/MM/RR HH24:MI:SS'),to_date('06/12/22 16:00:00','DD/MM/RR HH24:MI:SS'),'59611344J');
Insert into UBD3707.TURNO (ID_TURNO,ENTRADA,SALIDA,NIF) values ('277',to_date('07/12/22 08:00:00','DD/MM/RR HH24:MI:SS'),to_date('07/12/22 16:00:00','DD/MM/RR HH24:MI:SS'),'59611344J');
Insert into UBD3707.TURNO (ID_TURNO,ENTRADA,SALIDA,NIF) values ('278',to_date('08/12/22 16:00:00','DD/MM/RR HH24:MI:SS'),to_date('09/12/22 00:00:00','DD/MM/RR HH24:MI:SS'),'59611344J');
Insert into UBD3707.TURNO (ID_TURNO,ENTRADA,SALIDA,NIF) values ('279',to_date('09/12/22 16:00:00','DD/MM/RR HH24:MI:SS'),to_date('10/12/22 00:00:00','DD/MM/RR HH24:MI:SS'),'59611344J');
Insert into UBD3707.TURNO (ID_TURNO,ENTRADA,SALIDA,NIF) values ('280',to_date('10/12/22 16:00:00','DD/MM/RR HH24:MI:SS'),to_date('11/12/22 00:00:00','DD/MM/RR HH24:MI:SS'),'59611344J');
Insert into UBD3707.TURNO (ID_TURNO,ENTRADA,SALIDA,NIF) values ('281',to_date('11/12/22 16:00:00','DD/MM/RR HH24:MI:SS'),to_date('12/12/22 00:00:00','DD/MM/RR HH24:MI:SS'),'59611344J');
Insert into UBD3707.TURNO (ID_TURNO,ENTRADA,SALIDA,NIF) values ('282',to_date('12/12/22 16:00:00','DD/MM/RR HH24:MI:SS'),to_date('13/12/22 00:00:00','DD/MM/RR HH24:MI:SS'),'59611344J');
Insert into UBD3707.TURNO (ID_TURNO,ENTRADA,SALIDA,NIF) values ('283',to_date('13/12/22 08:00:00','DD/MM/RR HH24:MI:SS'),to_date('13/12/22 16:00:00','DD/MM/RR HH24:MI:SS'),'59611344J');
Insert into UBD3707.TURNO (ID_TURNO,ENTRADA,SALIDA,NIF) values ('284',to_date('14/12/22 08:00:00','DD/MM/RR HH24:MI:SS'),to_date('14/12/22 16:00:00','DD/MM/RR HH24:MI:SS'),'59611344J');
Insert into UBD3707.TURNO (ID_TURNO,ENTRADA,SALIDA,NIF) values ('285',to_date('16/12/22 00:00:00','DD/MM/RR HH24:MI:SS'),to_date('16/12/22 08:00:00','DD/MM/RR HH24:MI:SS'),'59611344J');
Insert into UBD3707.TURNO (ID_TURNO,ENTRADA,SALIDA,NIF) values ('286',to_date('16/12/22 16:00:00','DD/MM/RR HH24:MI:SS'),to_date('17/12/22 00:00:00','DD/MM/RR HH24:MI:SS'),'59611344J');
Insert into UBD3707.TURNO (ID_TURNO,ENTRADA,SALIDA,NIF) values ('287',to_date('17/12/22 16:00:00','DD/MM/RR HH24:MI:SS'),to_date('18/12/22 00:00:00','DD/MM/RR HH24:MI:SS'),'59611344J');
Insert into UBD3707.TURNO (ID_TURNO,ENTRADA,SALIDA,NIF) values ('288',to_date('18/12/22 08:00:00','DD/MM/RR HH24:MI:SS'),to_date('18/12/22 16:00:00','DD/MM/RR HH24:MI:SS'),'59611344J');
Insert into UBD3707.TURNO (ID_TURNO,ENTRADA,SALIDA,NIF) values ('289',to_date('19/12/22 08:00:00','DD/MM/RR HH24:MI:SS'),to_date('19/12/22 16:00:00','DD/MM/RR HH24:MI:SS'),'59611344J');
Insert into UBD3707.TURNO (ID_TURNO,ENTRADA,SALIDA,NIF) values ('290',to_date('20/12/22 08:00:00','DD/MM/RR HH24:MI:SS'),to_date('20/12/22 16:00:00','DD/MM/RR HH24:MI:SS'),'59611344J');
Insert into UBD3707.TURNO (ID_TURNO,ENTRADA,SALIDA,NIF) values ('291',to_date('21/12/22 16:00:00','DD/MM/RR HH24:MI:SS'),to_date('22/12/22 00:00:00','DD/MM/RR HH24:MI:SS'),'59611344J');
Insert into UBD3707.TURNO (ID_TURNO,ENTRADA,SALIDA,NIF) values ('292',to_date('23/12/22 00:00:00','DD/MM/RR HH24:MI:SS'),to_date('23/12/22 08:00:00','DD/MM/RR HH24:MI:SS'),'59611344J');
Insert into UBD3707.TURNO (ID_TURNO,ENTRADA,SALIDA,NIF) values ('293',to_date('23/12/22 16:00:00','DD/MM/RR HH24:MI:SS'),to_date('24/12/22 00:00:00','DD/MM/RR HH24:MI:SS'),'59611344J');
Insert into UBD3707.TURNO (ID_TURNO,ENTRADA,SALIDA,NIF) values ('294',to_date('24/12/22 08:00:00','DD/MM/RR HH24:MI:SS'),to_date('24/12/22 16:00:00','DD/MM/RR HH24:MI:SS'),'59611344J');
Insert into UBD3707.TURNO (ID_TURNO,ENTRADA,SALIDA,NIF) values ('295',to_date('25/12/22 08:00:00','DD/MM/RR HH24:MI:SS'),to_date('25/12/22 16:00:00','DD/MM/RR HH24:MI:SS'),'59611344J');
Insert into UBD3707.TURNO (ID_TURNO,ENTRADA,SALIDA,NIF) values ('296',to_date('26/12/22 08:00:00','DD/MM/RR HH24:MI:SS'),to_date('26/12/22 16:00:00','DD/MM/RR HH24:MI:SS'),'59611344J');
Insert into UBD3707.TURNO (ID_TURNO,ENTRADA,SALIDA,NIF) values ('297',to_date('28/12/22 00:00:00','DD/MM/RR HH24:MI:SS'),to_date('28/12/22 08:00:00','DD/MM/RR HH24:MI:SS'),'59611344J');
Insert into UBD3707.TURNO (ID_TURNO,ENTRADA,SALIDA,NIF) values ('298',to_date('28/12/22 16:00:00','DD/MM/RR HH24:MI:SS'),to_date('29/12/22 00:00:00','DD/MM/RR HH24:MI:SS'),'59611344J');
Insert into UBD3707.TURNO (ID_TURNO,ENTRADA,SALIDA,NIF) values ('299',to_date('29/12/22 16:00:00','DD/MM/RR HH24:MI:SS'),to_date('30/12/22 00:00:00','DD/MM/RR HH24:MI:SS'),'59611344J');
Insert into UBD3707.TURNO (ID_TURNO,ENTRADA,SALIDA,NIF) values ('300',to_date('30/12/22 08:00:00','DD/MM/RR HH24:MI:SS'),to_date('30/12/22 16:00:00','DD/MM/RR HH24:MI:SS'),'59611344J');
REM INSERTING into UBD3707.VISITA
SET DEFINE OFF;
Insert into UBD3707.VISITA (NIF_RECLUSO,NIF_VISITANTE,FECHA_HORA_VISITA) values ('13621202G','47181592B',to_date('05/01/23 11:15:22','DD/MM/RR HH24:MI:SS'));
Insert into UBD3707.VISITA (NIF_RECLUSO,NIF_VISITANTE,FECHA_HORA_VISITA) values ('13621202G','47181592B',to_date('15/01/23 09:15:22','DD/MM/RR HH24:MI:SS'));
Insert into UBD3707.VISITA (NIF_RECLUSO,NIF_VISITANTE,FECHA_HORA_VISITA) values ('13621202G','47181592B',to_date('15/01/23 16:15:22','DD/MM/RR HH24:MI:SS'));
Insert into UBD3707.VISITA (NIF_RECLUSO,NIF_VISITANTE,FECHA_HORA_VISITA) values ('40235498B','35336751Z',to_date('02/10/22 20:12:04','DD/MM/RR HH24:MI:SS'));
Insert into UBD3707.VISITA (NIF_RECLUSO,NIF_VISITANTE,FECHA_HORA_VISITA) values ('66643155B','87710844H',to_date('12/03/20 21:02:44','DD/MM/RR HH24:MI:SS'));
Insert into UBD3707.VISITA (NIF_RECLUSO,NIF_VISITANTE,FECHA_HORA_VISITA) values ('66643155B','87710844H',to_date('22/04/21 12:02:44','DD/MM/RR HH24:MI:SS'));
Insert into UBD3707.VISITA (NIF_RECLUSO,NIF_VISITANTE,FECHA_HORA_VISITA) values ('66643155B','87710844H',to_date('02/03/22 21:01:44','DD/MM/RR HH24:MI:SS'));
Insert into UBD3707.VISITA (NIF_RECLUSO,NIF_VISITANTE,FECHA_HORA_VISITA) values ('66643155B','87710844H',to_date('12/04/22 20:02:44','DD/MM/RR HH24:MI:SS'));
REM INSERTING into UBD3707.VISITANTE
SET DEFINE OFF;
Insert into UBD3707.VISITANTE (NIF) values ('35336751Z');
Insert into UBD3707.VISITANTE (NIF) values ('47181592B');
Insert into UBD3707.VISITANTE (NIF) values ('87710844H');
--------------------------------------------------------
--  DDL for Index CARCEL_PK
--------------------------------------------------------

  CREATE UNIQUE INDEX "UBD3707"."CARCEL_PK" ON "UBD3707"."CARCEL" ("COD_CARCEL") 
  PCTFREE 10 INITRANS 2 MAXTRANS 255 COMPUTE STATISTICS 
  STORAGE(INITIAL 65536 NEXT 1048576 MINEXTENTS 1 MAXEXTENTS 2147483645
  PCTINCREASE 0 FREELISTS 1 FREELIST GROUPS 1
  BUFFER_POOL DEFAULT FLASH_CACHE DEFAULT CELL_FLASH_CACHE DEFAULT)
  TABLESPACE "TS_ALUMNOS" ;
--------------------------------------------------------
--  DDL for Index CELDA_PK
--------------------------------------------------------

  CREATE UNIQUE INDEX "UBD3707"."CELDA_PK" ON "UBD3707"."CELDA" ("ID_CELDA") 
  PCTFREE 10 INITRANS 2 MAXTRANS 255 COMPUTE STATISTICS 
  STORAGE(INITIAL 65536 NEXT 1048576 MINEXTENTS 1 MAXEXTENTS 2147483645
  PCTINCREASE 0 FREELISTS 1 FREELIST GROUPS 1
  BUFFER_POOL DEFAULT FLASH_CACHE DEFAULT CELL_FLASH_CACHE DEFAULT)
  TABLESPACE "TS_ALUMNOS" ;
--------------------------------------------------------
--  DDL for Index COCINERO_PK
--------------------------------------------------------

  CREATE UNIQUE INDEX "UBD3707"."COCINERO_PK" ON "UBD3707"."COCINERO" ("NIF") 
  PCTFREE 10 INITRANS 2 MAXTRANS 255 COMPUTE STATISTICS 
  STORAGE(INITIAL 65536 NEXT 1048576 MINEXTENTS 1 MAXEXTENTS 2147483645
  PCTINCREASE 0 FREELISTS 1 FREELIST GROUPS 1
  BUFFER_POOL DEFAULT FLASH_CACHE DEFAULT CELL_FLASH_CACHE DEFAULT)
  TABLESPACE "TS_ALUMNOS" ;
--------------------------------------------------------
--  DDL for Index COMPRA_PK
--------------------------------------------------------

  CREATE UNIQUE INDEX "UBD3707"."COMPRA_PK" ON "UBD3707"."COMPRA" ("RECLUSO_NIF", "ID_PRODUCTO", "COD_COMPRA") 
  PCTFREE 10 INITRANS 2 MAXTRANS 255 COMPUTE STATISTICS 
  STORAGE(INITIAL 65536 NEXT 1048576 MINEXTENTS 1 MAXEXTENTS 2147483645
  PCTINCREASE 0 FREELISTS 1 FREELIST GROUPS 1
  BUFFER_POOL DEFAULT FLASH_CACHE DEFAULT CELL_FLASH_CACHE DEFAULT)
  TABLESPACE "TS_ALUMNOS" ;
--------------------------------------------------------
--  DDL for Index DELITOS_PK
--------------------------------------------------------

  CREATE UNIQUE INDEX "UBD3707"."DELITOS_PK" ON "UBD3707"."DELITOS" ("NIF", "TIPO_DELITO", "ID") 
  PCTFREE 10 INITRANS 2 MAXTRANS 255 COMPUTE STATISTICS 
  STORAGE(INITIAL 65536 NEXT 1048576 MINEXTENTS 1 MAXEXTENTS 2147483645
  PCTINCREASE 0 FREELISTS 1 FREELIST GROUPS 1
  BUFFER_POOL DEFAULT FLASH_CACHE DEFAULT CELL_FLASH_CACHE DEFAULT)
  TABLESPACE "TS_ALUMNOS" ;
--------------------------------------------------------
--  DDL for Index ECONOMATO_PK
--------------------------------------------------------

  CREATE UNIQUE INDEX "UBD3707"."ECONOMATO_PK" ON "UBD3707"."ECONOMATO" ("COD_CARCEL") 
  PCTFREE 10 INITRANS 2 MAXTRANS 255 COMPUTE STATISTICS 
  STORAGE(INITIAL 65536 NEXT 1048576 MINEXTENTS 1 MAXEXTENTS 2147483645
  PCTINCREASE 0 FREELISTS 1 FREELIST GROUPS 1
  BUFFER_POOL DEFAULT FLASH_CACHE DEFAULT CELL_FLASH_CACHE DEFAULT)
  TABLESPACE "TS_ALUMNOS" ;
--------------------------------------------------------
--  DDL for Index EMPLEADO_PK
--------------------------------------------------------

  CREATE UNIQUE INDEX "UBD3707"."EMPLEADO_PK" ON "UBD3707"."EMPLEADO" ("NIF") 
  PCTFREE 10 INITRANS 2 MAXTRANS 255 COMPUTE STATISTICS 
  STORAGE(INITIAL 65536 NEXT 1048576 MINEXTENTS 1 MAXEXTENTS 2147483645
  PCTINCREASE 0 FREELISTS 1 FREELIST GROUPS 1
  BUFFER_POOL DEFAULT FLASH_CACHE DEFAULT CELL_FLASH_CACHE DEFAULT)
  TABLESPACE "TS_ALUMNOS" ;
--------------------------------------------------------
--  DDL for Index EMPRESA_EXTERNA_PK
--------------------------------------------------------

  CREATE UNIQUE INDEX "UBD3707"."EMPRESA_EXTERNA_PK" ON "UBD3707"."EMPRESA_EXTERNA" ("CIF") 
  PCTFREE 10 INITRANS 2 MAXTRANS 255 COMPUTE STATISTICS 
  STORAGE(INITIAL 65536 NEXT 1048576 MINEXTENTS 1 MAXEXTENTS 2147483645
  PCTINCREASE 0 FREELISTS 1 FREELIST GROUPS 1
  BUFFER_POOL DEFAULT FLASH_CACHE DEFAULT CELL_FLASH_CACHE DEFAULT)
  TABLESPACE "TS_ALUMNOS" ;
--------------------------------------------------------
--  DDL for Index TIPO_DELITO_PK
--------------------------------------------------------

  CREATE UNIQUE INDEX "UBD3707"."TIPO_DELITO_PK" ON "UBD3707"."TIPO_DELITO" ("ID") 
  PCTFREE 10 INITRANS 2 MAXTRANS 255 COMPUTE STATISTICS 
  STORAGE(INITIAL 65536 NEXT 1048576 MINEXTENTS 1 MAXEXTENTS 2147483645
  PCTINCREASE 0 FREELISTS 1 FREELIST GROUPS 1
  BUFFER_POOL DEFAULT FLASH_CACHE DEFAULT CELL_FLASH_CACHE DEFAULT)
  TABLESPACE "TS_ALUMNOS" ;
--------------------------------------------------------
--  DDL for Index TURNO_PK
--------------------------------------------------------

  CREATE UNIQUE INDEX "UBD3707"."TURNO_PK" ON "UBD3707"."TURNO" ("ID_TURNO") 
  PCTFREE 10 INITRANS 2 MAXTRANS 255 COMPUTE STATISTICS 
  STORAGE(INITIAL 65536 NEXT 1048576 MINEXTENTS 1 MAXEXTENTS 2147483645
  PCTINCREASE 0 FREELISTS 1 FREELIST GROUPS 1
  BUFFER_POOL DEFAULT FLASH_CACHE DEFAULT CELL_FLASH_CACHE DEFAULT)
  TABLESPACE "TS_ALUMNOS" ;
--------------------------------------------------------
--  DDL for Index VISITANTE_PK
--------------------------------------------------------

  CREATE UNIQUE INDEX "UBD3707"."VISITANTE_PK" ON "UBD3707"."VISITANTE" ("NIF") 
  PCTFREE 10 INITRANS 2 MAXTRANS 255 COMPUTE STATISTICS 
  STORAGE(INITIAL 65536 NEXT 1048576 MINEXTENTS 1 MAXEXTENTS 2147483645
  PCTINCREASE 0 FREELISTS 1 FREELIST GROUPS 1
  BUFFER_POOL DEFAULT FLASH_CACHE DEFAULT CELL_FLASH_CACHE DEFAULT)
  TABLESPACE "TS_ALUMNOS" ;
--------------------------------------------------------
--  DDL for Index VISITA_PK
--------------------------------------------------------

  CREATE UNIQUE INDEX "UBD3707"."VISITA_PK" ON "UBD3707"."VISITA" ("NIF_RECLUSO", "NIF_VISITANTE", "FECHA_HORA_VISITA") 
  PCTFREE 10 INITRANS 2 MAXTRANS 255 COMPUTE STATISTICS 
  STORAGE(INITIAL 65536 NEXT 1048576 MINEXTENTS 1 MAXEXTENTS 2147483645
  PCTINCREASE 0 FREELISTS 1 FREELIST GROUPS 1
  BUFFER_POOL DEFAULT FLASH_CACHE DEFAULT CELL_FLASH_CACHE DEFAULT)
  TABLESPACE "TS_ALUMNOS" ;
--------------------------------------------------------
--  DDL for Index ZONA_ACTIVIDADES_PK
--------------------------------------------------------

  CREATE UNIQUE INDEX "UBD3707"."ZONA_ACTIVIDADES_PK" ON "UBD3707"."ZONA_ACTIVIDADES" ("ID_ZONA") 
  PCTFREE 10 INITRANS 2 MAXTRANS 255 COMPUTE STATISTICS 
  STORAGE(INITIAL 65536 NEXT 1048576 MINEXTENTS 1 MAXEXTENTS 2147483645
  PCTINCREASE 0 FREELISTS 1 FREELIST GROUPS 1
  BUFFER_POOL DEFAULT FLASH_CACHE DEFAULT CELL_FLASH_CACHE DEFAULT)
  TABLESPACE "TS_ALUMNOS" ;
--------------------------------------------------------
--  DDL for Index GUARDIA_NUM_PLACA_UK
--------------------------------------------------------

  CREATE UNIQUE INDEX "UBD3707"."GUARDIA_NUM_PLACA_UK" ON "UBD3707"."GUARDIA" ("NUM_PLACA") 
  PCTFREE 10 INITRANS 2 MAXTRANS 255 COMPUTE STATISTICS 
  STORAGE(INITIAL 65536 NEXT 1048576 MINEXTENTS 1 MAXEXTENTS 2147483645
  PCTINCREASE 0 FREELISTS 1 FREELIST GROUPS 1
  BUFFER_POOL DEFAULT FLASH_CACHE DEFAULT CELL_FLASH_CACHE DEFAULT)
  TABLESPACE "TS_ALUMNOS" ;
--------------------------------------------------------
--  DDL for Index GUARDIA_PK
--------------------------------------------------------

  CREATE UNIQUE INDEX "UBD3707"."GUARDIA_PK" ON "UBD3707"."GUARDIA" ("NIF") 
  PCTFREE 10 INITRANS 2 MAXTRANS 255 COMPUTE STATISTICS 
  STORAGE(INITIAL 65536 NEXT 1048576 MINEXTENTS 1 MAXEXTENTS 2147483645
  PCTINCREASE 0 FREELISTS 1 FREELIST GROUPS 1
  BUFFER_POOL DEFAULT FLASH_CACHE DEFAULT CELL_FLASH_CACHE DEFAULT)
  TABLESPACE "TS_ALUMNOS" ;
--------------------------------------------------------
--  DDL for Index INGRESO_EGRESO_PK
--------------------------------------------------------

  CREATE UNIQUE INDEX "UBD3707"."INGRESO_EGRESO_PK" ON "UBD3707"."INGRESO_EGRESO" ("NIF", "COD_CARCEL", "FECHA_ENTRADA") 
  PCTFREE 10 INITRANS 2 MAXTRANS 255 COMPUTE STATISTICS 
  STORAGE(INITIAL 65536 NEXT 1048576 MINEXTENTS 1 MAXEXTENTS 2147483645
  PCTINCREASE 0 FREELISTS 1 FREELIST GROUPS 1
  BUFFER_POOL DEFAULT FLASH_CACHE DEFAULT CELL_FLASH_CACHE DEFAULT)
  TABLESPACE "TS_ALUMNOS" ;
--------------------------------------------------------
--  DDL for Index LIMPIADOR_PK
--------------------------------------------------------

  CREATE UNIQUE INDEX "UBD3707"."LIMPIADOR_PK" ON "UBD3707"."LIMPIADOR" ("NIF") 
  PCTFREE 10 INITRANS 2 MAXTRANS 255 COMPUTE STATISTICS 
  STORAGE(INITIAL 65536 NEXT 1048576 MINEXTENTS 1 MAXEXTENTS 2147483645
  PCTINCREASE 0 FREELISTS 1 FREELIST GROUPS 1
  BUFFER_POOL DEFAULT FLASH_CACHE DEFAULT CELL_FLASH_CACHE DEFAULT)
  TABLESPACE "TS_ALUMNOS" ;
--------------------------------------------------------
--  DDL for Index MEDICO__IDX
--------------------------------------------------------

  CREATE UNIQUE INDEX "UBD3707"."MEDICO__IDX" ON "UBD3707"."MEDICO" ("NIF") 
  PCTFREE 10 INITRANS 2 MAXTRANS 255 COMPUTE STATISTICS 
  STORAGE(INITIAL 65536 NEXT 1048576 MINEXTENTS 1 MAXEXTENTS 2147483645
  PCTINCREASE 0 FREELISTS 1 FREELIST GROUPS 1
  BUFFER_POOL DEFAULT FLASH_CACHE DEFAULT CELL_FLASH_CACHE DEFAULT)
  TABLESPACE "TS_ALUMNOS" ;
--------------------------------------------------------
--  DDL for Index MEDICO_PK
--------------------------------------------------------

  CREATE UNIQUE INDEX "UBD3707"."MEDICO_PK" ON "UBD3707"."MEDICO" ("NUM_COLEGIADO_MEDICO", "NIF") 
  PCTFREE 10 INITRANS 2 MAXTRANS 255 COMPUTE STATISTICS 
  STORAGE(INITIAL 65536 NEXT 1048576 MINEXTENTS 1 MAXEXTENTS 2147483645
  PCTINCREASE 0 FREELISTS 1 FREELIST GROUPS 1
  BUFFER_POOL DEFAULT FLASH_CACHE DEFAULT CELL_FLASH_CACHE DEFAULT)
  TABLESPACE "TS_ALUMNOS" ;
--------------------------------------------------------
--  DDL for Index MODULO_PK
--------------------------------------------------------

  CREATE UNIQUE INDEX "UBD3707"."MODULO_PK" ON "UBD3707"."MODULO" ("ID_MODULO") 
  PCTFREE 10 INITRANS 2 MAXTRANS 255 COMPUTE STATISTICS 
  STORAGE(INITIAL 65536 NEXT 1048576 MINEXTENTS 1 MAXEXTENTS 2147483645
  PCTINCREASE 0 FREELISTS 1 FREELIST GROUPS 1
  BUFFER_POOL DEFAULT FLASH_CACHE DEFAULT CELL_FLASH_CACHE DEFAULT)
  TABLESPACE "TS_ALUMNOS" ;
--------------------------------------------------------
--  DDL for Index PERSONA_NUM_SS_UN
--------------------------------------------------------

  CREATE UNIQUE INDEX "UBD3707"."PERSONA_NUM_SS_UN" ON "UBD3707"."PERSONA" ("NUM_SS") 
  PCTFREE 10 INITRANS 2 MAXTRANS 255 COMPUTE STATISTICS 
  STORAGE(INITIAL 65536 NEXT 1048576 MINEXTENTS 1 MAXEXTENTS 2147483645
  PCTINCREASE 0 FREELISTS 1 FREELIST GROUPS 1
  BUFFER_POOL DEFAULT FLASH_CACHE DEFAULT CELL_FLASH_CACHE DEFAULT)
  TABLESPACE "TS_ALUMNOS" ;
--------------------------------------------------------
--  DDL for Index PERSONA_PK
--------------------------------------------------------

  CREATE UNIQUE INDEX "UBD3707"."PERSONA_PK" ON "UBD3707"."PERSONA" ("NIF") 
  PCTFREE 10 INITRANS 2 MAXTRANS 255 COMPUTE STATISTICS 
  STORAGE(INITIAL 65536 NEXT 1048576 MINEXTENTS 1 MAXEXTENTS 2147483645
  PCTINCREASE 0 FREELISTS 1 FREELIST GROUPS 1
  BUFFER_POOL DEFAULT FLASH_CACHE DEFAULT CELL_FLASH_CACHE DEFAULT)
  TABLESPACE "TS_ALUMNOS" ;
--------------------------------------------------------
--  DDL for Index PRODUCTO_PK
--------------------------------------------------------

  CREATE UNIQUE INDEX "UBD3707"."PRODUCTO_PK" ON "UBD3707"."PRODUCTO" ("ID_PRODUCTO") 
  PCTFREE 10 INITRANS 2 MAXTRANS 255 COMPUTE STATISTICS 
  STORAGE(INITIAL 65536 NEXT 1048576 MINEXTENTS 1 MAXEXTENTS 2147483645
  PCTINCREASE 0 FREELISTS 1 FREELIST GROUPS 1
  BUFFER_POOL DEFAULT FLASH_CACHE DEFAULT CELL_FLASH_CACHE DEFAULT)
  TABLESPACE "TS_ALUMNOS" ;
--------------------------------------------------------
--  DDL for Index PROVEE_ECONOMATO_PK
--------------------------------------------------------

  CREATE UNIQUE INDEX "UBD3707"."PROVEE_ECONOMATO_PK" ON "UBD3707"."PROVEE_ECONOMATO" ("CIF", "ID_ECONOMATO") 
  PCTFREE 10 INITRANS 2 MAXTRANS 255 COMPUTE STATISTICS 
  STORAGE(INITIAL 65536 NEXT 1048576 MINEXTENTS 1 MAXEXTENTS 2147483645
  PCTINCREASE 0 FREELISTS 1 FREELIST GROUPS 1
  BUFFER_POOL DEFAULT FLASH_CACHE DEFAULT CELL_FLASH_CACHE DEFAULT)
  TABLESPACE "TS_ALUMNOS" ;
--------------------------------------------------------
--  DDL for Index RECLUSO_NIS_UN
--------------------------------------------------------

  CREATE UNIQUE INDEX "UBD3707"."RECLUSO_NIS_UN" ON "UBD3707"."RECLUSO" ("NIS") 
  PCTFREE 10 INITRANS 2 MAXTRANS 255 COMPUTE STATISTICS 
  STORAGE(INITIAL 65536 NEXT 1048576 MINEXTENTS 1 MAXEXTENTS 2147483645
  PCTINCREASE 0 FREELISTS 1 FREELIST GROUPS 1
  BUFFER_POOL DEFAULT FLASH_CACHE DEFAULT CELL_FLASH_CACHE DEFAULT)
  TABLESPACE "TS_ALUMNOS" ;
--------------------------------------------------------
--  DDL for Index RECLUSO_PERMISO_ZONA_PK
--------------------------------------------------------

  CREATE UNIQUE INDEX "UBD3707"."RECLUSO_PERMISO_ZONA_PK" ON "UBD3707"."RECLUSO_PERMISO_ZONA" ("RECLUSO_NIF", "ID_ZONA") 
  PCTFREE 10 INITRANS 2 MAXTRANS 255 COMPUTE STATISTICS 
  STORAGE(INITIAL 65536 NEXT 1048576 MINEXTENTS 1 MAXEXTENTS 2147483645
  PCTINCREASE 0 FREELISTS 1 FREELIST GROUPS 1
  BUFFER_POOL DEFAULT FLASH_CACHE DEFAULT CELL_FLASH_CACHE DEFAULT)
  TABLESPACE "TS_ALUMNOS" ;
--------------------------------------------------------
--  DDL for Index RECLUSO_PK
--------------------------------------------------------

  CREATE UNIQUE INDEX "UBD3707"."RECLUSO_PK" ON "UBD3707"."RECLUSO" ("NIF") 
  PCTFREE 10 INITRANS 2 MAXTRANS 255 COMPUTE STATISTICS 
  STORAGE(INITIAL 65536 NEXT 1048576 MINEXTENTS 1 MAXEXTENTS 2147483645
  PCTINCREASE 0 FREELISTS 1 FREELIST GROUPS 1
  BUFFER_POOL DEFAULT FLASH_CACHE DEFAULT CELL_FLASH_CACHE DEFAULT)
  TABLESPACE "TS_ALUMNOS" ;
--------------------------------------------------------
--  DDL for Index SUBCONTRATA_EMPLEADO_PK
--------------------------------------------------------

  CREATE UNIQUE INDEX "UBD3707"."SUBCONTRATA_EMPLEADO_PK" ON "UBD3707"."SUBCONTRATA_VOLUNTARIO" ("NIF") 
  PCTFREE 10 INITRANS 2 MAXTRANS 255 COMPUTE STATISTICS 
  STORAGE(INITIAL 65536 NEXT 1048576 MINEXTENTS 1 MAXEXTENTS 2147483645
  PCTINCREASE 0 FREELISTS 1 FREELIST GROUPS 1
  BUFFER_POOL DEFAULT FLASH_CACHE DEFAULT CELL_FLASH_CACHE DEFAULT)
  TABLESPACE "TS_ALUMNOS" ;
--------------------------------------------------------
--  DDL for Index SUBCONTRATA_PK
--------------------------------------------------------

  CREATE UNIQUE INDEX "UBD3707"."SUBCONTRATA_PK" ON "UBD3707"."SUBCONTRATA" ("NIF") 
  PCTFREE 10 INITRANS 2 MAXTRANS 255 COMPUTE STATISTICS 
  STORAGE(INITIAL 65536 NEXT 1048576 MINEXTENTS 1 MAXEXTENTS 2147483645
  PCTINCREASE 0 FREELISTS 1 FREELIST GROUPS 1
  BUFFER_POOL DEFAULT FLASH_CACHE DEFAULT CELL_FLASH_CACHE DEFAULT)
  TABLESPACE "TS_ALUMNOS" ;
--------------------------------------------------------
--  DDL for Index ZONA_ACTIVIDADES_PK
--------------------------------------------------------

  CREATE UNIQUE INDEX "UBD3707"."ZONA_ACTIVIDADES_PK" ON "UBD3707"."ZONA_ACTIVIDADES" ("ID_ZONA") 
  PCTFREE 10 INITRANS 2 MAXTRANS 255 COMPUTE STATISTICS 
  STORAGE(INITIAL 65536 NEXT 1048576 MINEXTENTS 1 MAXEXTENTS 2147483645
  PCTINCREASE 0 FREELISTS 1 FREELIST GROUPS 1
  BUFFER_POOL DEFAULT FLASH_CACHE DEFAULT CELL_FLASH_CACHE DEFAULT)
  TABLESPACE "TS_ALUMNOS" ;
--------------------------------------------------------
--  DDL for Index TABLE1_PK
--------------------------------------------------------

  CREATE UNIQUE INDEX "UBD3707"."TABLE1_PK" ON "UBD3707"."AUDIT_TABLE" ("ID") 
  PCTFREE 10 INITRANS 2 MAXTRANS 255 COMPUTE STATISTICS 
  STORAGE(INITIAL 65536 NEXT 1048576 MINEXTENTS 1 MAXEXTENTS 2147483645
  PCTINCREASE 0 FREELISTS 1 FREELIST GROUPS 1
  BUFFER_POOL DEFAULT FLASH_CACHE DEFAULT CELL_FLASH_CACHE DEFAULT)
  TABLESPACE "TS_ALUMNOS" ;
--------------------------------------------------------
--  DDL for Index CARCEL_PK
--------------------------------------------------------

  CREATE UNIQUE INDEX "UBD3707"."CARCEL_PK" ON "UBD3707"."CARCEL" ("COD_CARCEL") 
  PCTFREE 10 INITRANS 2 MAXTRANS 255 COMPUTE STATISTICS 
  STORAGE(INITIAL 65536 NEXT 1048576 MINEXTENTS 1 MAXEXTENTS 2147483645
  PCTINCREASE 0 FREELISTS 1 FREELIST GROUPS 1
  BUFFER_POOL DEFAULT FLASH_CACHE DEFAULT CELL_FLASH_CACHE DEFAULT)
  TABLESPACE "TS_ALUMNOS" ;
--------------------------------------------------------
--  DDL for Index CELDA_PK
--------------------------------------------------------

  CREATE UNIQUE INDEX "UBD3707"."CELDA_PK" ON "UBD3707"."CELDA" ("ID_CELDA") 
  PCTFREE 10 INITRANS 2 MAXTRANS 255 COMPUTE STATISTICS 
  STORAGE(INITIAL 65536 NEXT 1048576 MINEXTENTS 1 MAXEXTENTS 2147483645
  PCTINCREASE 0 FREELISTS 1 FREELIST GROUPS 1
  BUFFER_POOL DEFAULT FLASH_CACHE DEFAULT CELL_FLASH_CACHE DEFAULT)
  TABLESPACE "TS_ALUMNOS" ;
--------------------------------------------------------
--  DDL for Index COCINERO_PK
--------------------------------------------------------

  CREATE UNIQUE INDEX "UBD3707"."COCINERO_PK" ON "UBD3707"."COCINERO" ("NIF") 
  PCTFREE 10 INITRANS 2 MAXTRANS 255 COMPUTE STATISTICS 
  STORAGE(INITIAL 65536 NEXT 1048576 MINEXTENTS 1 MAXEXTENTS 2147483645
  PCTINCREASE 0 FREELISTS 1 FREELIST GROUPS 1
  BUFFER_POOL DEFAULT FLASH_CACHE DEFAULT CELL_FLASH_CACHE DEFAULT)
  TABLESPACE "TS_ALUMNOS" ;
--------------------------------------------------------
--  DDL for Index COMPRA_PK
--------------------------------------------------------

  CREATE UNIQUE INDEX "UBD3707"."COMPRA_PK" ON "UBD3707"."COMPRA" ("RECLUSO_NIF", "ID_PRODUCTO", "COD_COMPRA") 
  PCTFREE 10 INITRANS 2 MAXTRANS 255 COMPUTE STATISTICS 
  STORAGE(INITIAL 65536 NEXT 1048576 MINEXTENTS 1 MAXEXTENTS 2147483645
  PCTINCREASE 0 FREELISTS 1 FREELIST GROUPS 1
  BUFFER_POOL DEFAULT FLASH_CACHE DEFAULT CELL_FLASH_CACHE DEFAULT)
  TABLESPACE "TS_ALUMNOS" ;
--------------------------------------------------------
--  DDL for Index DELITOS_PK
--------------------------------------------------------

  CREATE UNIQUE INDEX "UBD3707"."DELITOS_PK" ON "UBD3707"."DELITOS" ("NIF", "TIPO_DELITO", "ID") 
  PCTFREE 10 INITRANS 2 MAXTRANS 255 COMPUTE STATISTICS 
  STORAGE(INITIAL 65536 NEXT 1048576 MINEXTENTS 1 MAXEXTENTS 2147483645
  PCTINCREASE 0 FREELISTS 1 FREELIST GROUPS 1
  BUFFER_POOL DEFAULT FLASH_CACHE DEFAULT CELL_FLASH_CACHE DEFAULT)
  TABLESPACE "TS_ALUMNOS" ;
--------------------------------------------------------
--  DDL for Index ECONOMATO_PK
--------------------------------------------------------

  CREATE UNIQUE INDEX "UBD3707"."ECONOMATO_PK" ON "UBD3707"."ECONOMATO" ("COD_CARCEL") 
  PCTFREE 10 INITRANS 2 MAXTRANS 255 COMPUTE STATISTICS 
  STORAGE(INITIAL 65536 NEXT 1048576 MINEXTENTS 1 MAXEXTENTS 2147483645
  PCTINCREASE 0 FREELISTS 1 FREELIST GROUPS 1
  BUFFER_POOL DEFAULT FLASH_CACHE DEFAULT CELL_FLASH_CACHE DEFAULT)
  TABLESPACE "TS_ALUMNOS" ;
--------------------------------------------------------
--  DDL for Index EMPLEADO_PK
--------------------------------------------------------

  CREATE UNIQUE INDEX "UBD3707"."EMPLEADO_PK" ON "UBD3707"."EMPLEADO" ("NIF") 
  PCTFREE 10 INITRANS 2 MAXTRANS 255 COMPUTE STATISTICS 
  STORAGE(INITIAL 65536 NEXT 1048576 MINEXTENTS 1 MAXEXTENTS 2147483645
  PCTINCREASE 0 FREELISTS 1 FREELIST GROUPS 1
  BUFFER_POOL DEFAULT FLASH_CACHE DEFAULT CELL_FLASH_CACHE DEFAULT)
  TABLESPACE "TS_ALUMNOS" ;
--------------------------------------------------------
--  DDL for Index EMPRESA_EXTERNA_PK
--------------------------------------------------------

  CREATE UNIQUE INDEX "UBD3707"."EMPRESA_EXTERNA_PK" ON "UBD3707"."EMPRESA_EXTERNA" ("CIF") 
  PCTFREE 10 INITRANS 2 MAXTRANS 255 COMPUTE STATISTICS 
  STORAGE(INITIAL 65536 NEXT 1048576 MINEXTENTS 1 MAXEXTENTS 2147483645
  PCTINCREASE 0 FREELISTS 1 FREELIST GROUPS 1
  BUFFER_POOL DEFAULT FLASH_CACHE DEFAULT CELL_FLASH_CACHE DEFAULT)
  TABLESPACE "TS_ALUMNOS" ;
--------------------------------------------------------
--  DDL for Index GUARDIA_PK
--------------------------------------------------------

  CREATE UNIQUE INDEX "UBD3707"."GUARDIA_PK" ON "UBD3707"."GUARDIA" ("NIF") 
  PCTFREE 10 INITRANS 2 MAXTRANS 255 COMPUTE STATISTICS 
  STORAGE(INITIAL 65536 NEXT 1048576 MINEXTENTS 1 MAXEXTENTS 2147483645
  PCTINCREASE 0 FREELISTS 1 FREELIST GROUPS 1
  BUFFER_POOL DEFAULT FLASH_CACHE DEFAULT CELL_FLASH_CACHE DEFAULT)
  TABLESPACE "TS_ALUMNOS" ;
--------------------------------------------------------
--  DDL for Index GUARDIA_NUM_PLACA_UK
--------------------------------------------------------

  CREATE UNIQUE INDEX "UBD3707"."GUARDIA_NUM_PLACA_UK" ON "UBD3707"."GUARDIA" ("NUM_PLACA") 
  PCTFREE 10 INITRANS 2 MAXTRANS 255 COMPUTE STATISTICS 
  STORAGE(INITIAL 65536 NEXT 1048576 MINEXTENTS 1 MAXEXTENTS 2147483645
  PCTINCREASE 0 FREELISTS 1 FREELIST GROUPS 1
  BUFFER_POOL DEFAULT FLASH_CACHE DEFAULT CELL_FLASH_CACHE DEFAULT)
  TABLESPACE "TS_ALUMNOS" ;
--------------------------------------------------------
--  DDL for Index INGRESO_EGRESO_PK
--------------------------------------------------------

  CREATE UNIQUE INDEX "UBD3707"."INGRESO_EGRESO_PK" ON "UBD3707"."INGRESO_EGRESO" ("NIF", "COD_CARCEL", "FECHA_ENTRADA") 
  PCTFREE 10 INITRANS 2 MAXTRANS 255 COMPUTE STATISTICS 
  STORAGE(INITIAL 65536 NEXT 1048576 MINEXTENTS 1 MAXEXTENTS 2147483645
  PCTINCREASE 0 FREELISTS 1 FREELIST GROUPS 1
  BUFFER_POOL DEFAULT FLASH_CACHE DEFAULT CELL_FLASH_CACHE DEFAULT)
  TABLESPACE "TS_ALUMNOS" ;
--------------------------------------------------------
--  DDL for Index LIMPIADOR_PK
--------------------------------------------------------

  CREATE UNIQUE INDEX "UBD3707"."LIMPIADOR_PK" ON "UBD3707"."LIMPIADOR" ("NIF") 
  PCTFREE 10 INITRANS 2 MAXTRANS 255 COMPUTE STATISTICS 
  STORAGE(INITIAL 65536 NEXT 1048576 MINEXTENTS 1 MAXEXTENTS 2147483645
  PCTINCREASE 0 FREELISTS 1 FREELIST GROUPS 1
  BUFFER_POOL DEFAULT FLASH_CACHE DEFAULT CELL_FLASH_CACHE DEFAULT)
  TABLESPACE "TS_ALUMNOS" ;
--------------------------------------------------------
--  DDL for Index MEDICO__IDX
--------------------------------------------------------

  CREATE UNIQUE INDEX "UBD3707"."MEDICO__IDX" ON "UBD3707"."MEDICO" ("NIF") 
  PCTFREE 10 INITRANS 2 MAXTRANS 255 COMPUTE STATISTICS 
  STORAGE(INITIAL 65536 NEXT 1048576 MINEXTENTS 1 MAXEXTENTS 2147483645
  PCTINCREASE 0 FREELISTS 1 FREELIST GROUPS 1
  BUFFER_POOL DEFAULT FLASH_CACHE DEFAULT CELL_FLASH_CACHE DEFAULT)
  TABLESPACE "TS_ALUMNOS" ;
--------------------------------------------------------
--  DDL for Index MEDICO_PK
--------------------------------------------------------

  CREATE UNIQUE INDEX "UBD3707"."MEDICO_PK" ON "UBD3707"."MEDICO" ("NUM_COLEGIADO_MEDICO", "NIF") 
  PCTFREE 10 INITRANS 2 MAXTRANS 255 COMPUTE STATISTICS 
  STORAGE(INITIAL 65536 NEXT 1048576 MINEXTENTS 1 MAXEXTENTS 2147483645
  PCTINCREASE 0 FREELISTS 1 FREELIST GROUPS 1
  BUFFER_POOL DEFAULT FLASH_CACHE DEFAULT CELL_FLASH_CACHE DEFAULT)
  TABLESPACE "TS_ALUMNOS" ;
--------------------------------------------------------
--  DDL for Index MODULO_PK
--------------------------------------------------------

  CREATE UNIQUE INDEX "UBD3707"."MODULO_PK" ON "UBD3707"."MODULO" ("ID_MODULO") 
  PCTFREE 10 INITRANS 2 MAXTRANS 255 COMPUTE STATISTICS 
  STORAGE(INITIAL 65536 NEXT 1048576 MINEXTENTS 1 MAXEXTENTS 2147483645
  PCTINCREASE 0 FREELISTS 1 FREELIST GROUPS 1
  BUFFER_POOL DEFAULT FLASH_CACHE DEFAULT CELL_FLASH_CACHE DEFAULT)
  TABLESPACE "TS_ALUMNOS" ;
--------------------------------------------------------
--  DDL for Index PERSONA_PK
--------------------------------------------------------

  CREATE UNIQUE INDEX "UBD3707"."PERSONA_PK" ON "UBD3707"."PERSONA" ("NIF") 
  PCTFREE 10 INITRANS 2 MAXTRANS 255 COMPUTE STATISTICS 
  STORAGE(INITIAL 65536 NEXT 1048576 MINEXTENTS 1 MAXEXTENTS 2147483645
  PCTINCREASE 0 FREELISTS 1 FREELIST GROUPS 1
  BUFFER_POOL DEFAULT FLASH_CACHE DEFAULT CELL_FLASH_CACHE DEFAULT)
  TABLESPACE "TS_ALUMNOS" ;
--------------------------------------------------------
--  DDL for Index PERSONA_NUM_SS_UN
--------------------------------------------------------

  CREATE UNIQUE INDEX "UBD3707"."PERSONA_NUM_SS_UN" ON "UBD3707"."PERSONA" ("NUM_SS") 
  PCTFREE 10 INITRANS 2 MAXTRANS 255 COMPUTE STATISTICS 
  STORAGE(INITIAL 65536 NEXT 1048576 MINEXTENTS 1 MAXEXTENTS 2147483645
  PCTINCREASE 0 FREELISTS 1 FREELIST GROUPS 1
  BUFFER_POOL DEFAULT FLASH_CACHE DEFAULT CELL_FLASH_CACHE DEFAULT)
  TABLESPACE "TS_ALUMNOS" ;
--------------------------------------------------------
--  DDL for Index PRODUCTO_PK
--------------------------------------------------------

  CREATE UNIQUE INDEX "UBD3707"."PRODUCTO_PK" ON "UBD3707"."PRODUCTO" ("ID_PRODUCTO") 
  PCTFREE 10 INITRANS 2 MAXTRANS 255 COMPUTE STATISTICS 
  STORAGE(INITIAL 65536 NEXT 1048576 MINEXTENTS 1 MAXEXTENTS 2147483645
  PCTINCREASE 0 FREELISTS 1 FREELIST GROUPS 1
  BUFFER_POOL DEFAULT FLASH_CACHE DEFAULT CELL_FLASH_CACHE DEFAULT)
  TABLESPACE "TS_ALUMNOS" ;
--------------------------------------------------------
--  DDL for Index PROVEE_ECONOMATO_PK
--------------------------------------------------------

  CREATE UNIQUE INDEX "UBD3707"."PROVEE_ECONOMATO_PK" ON "UBD3707"."PROVEE_ECONOMATO" ("CIF", "ID_ECONOMATO") 
  PCTFREE 10 INITRANS 2 MAXTRANS 255 COMPUTE STATISTICS 
  STORAGE(INITIAL 65536 NEXT 1048576 MINEXTENTS 1 MAXEXTENTS 2147483645
  PCTINCREASE 0 FREELISTS 1 FREELIST GROUPS 1
  BUFFER_POOL DEFAULT FLASH_CACHE DEFAULT CELL_FLASH_CACHE DEFAULT)
  TABLESPACE "TS_ALUMNOS" ;
--------------------------------------------------------
--  DDL for Index RECLUSO_PK
--------------------------------------------------------

  CREATE UNIQUE INDEX "UBD3707"."RECLUSO_PK" ON "UBD3707"."RECLUSO" ("NIF") 
  PCTFREE 10 INITRANS 2 MAXTRANS 255 COMPUTE STATISTICS 
  STORAGE(INITIAL 65536 NEXT 1048576 MINEXTENTS 1 MAXEXTENTS 2147483645
  PCTINCREASE 0 FREELISTS 1 FREELIST GROUPS 1
  BUFFER_POOL DEFAULT FLASH_CACHE DEFAULT CELL_FLASH_CACHE DEFAULT)
  TABLESPACE "TS_ALUMNOS" ;
--------------------------------------------------------
--  DDL for Index RECLUSO_NIS_UN
--------------------------------------------------------

  CREATE UNIQUE INDEX "UBD3707"."RECLUSO_NIS_UN" ON "UBD3707"."RECLUSO" ("NIS") 
  PCTFREE 10 INITRANS 2 MAXTRANS 255 COMPUTE STATISTICS 
  STORAGE(INITIAL 65536 NEXT 1048576 MINEXTENTS 1 MAXEXTENTS 2147483645
  PCTINCREASE 0 FREELISTS 1 FREELIST GROUPS 1
  BUFFER_POOL DEFAULT FLASH_CACHE DEFAULT CELL_FLASH_CACHE DEFAULT)
  TABLESPACE "TS_ALUMNOS" ;
--------------------------------------------------------
--  DDL for Index RECLUSO_PERMISO_ZONA_PK
--------------------------------------------------------

  CREATE UNIQUE INDEX "UBD3707"."RECLUSO_PERMISO_ZONA_PK" ON "UBD3707"."RECLUSO_PERMISO_ZONA" ("RECLUSO_NIF", "ID_ZONA") 
  PCTFREE 10 INITRANS 2 MAXTRANS 255 COMPUTE STATISTICS 
  STORAGE(INITIAL 65536 NEXT 1048576 MINEXTENTS 1 MAXEXTENTS 2147483645
  PCTINCREASE 0 FREELISTS 1 FREELIST GROUPS 1
  BUFFER_POOL DEFAULT FLASH_CACHE DEFAULT CELL_FLASH_CACHE DEFAULT)
  TABLESPACE "TS_ALUMNOS" ;
--------------------------------------------------------
--  DDL for Index SUBCONTRATA_PK
--------------------------------------------------------

  CREATE UNIQUE INDEX "UBD3707"."SUBCONTRATA_PK" ON "UBD3707"."SUBCONTRATA" ("NIF") 
  PCTFREE 10 INITRANS 2 MAXTRANS 255 COMPUTE STATISTICS 
  STORAGE(INITIAL 65536 NEXT 1048576 MINEXTENTS 1 MAXEXTENTS 2147483645
  PCTINCREASE 0 FREELISTS 1 FREELIST GROUPS 1
  BUFFER_POOL DEFAULT FLASH_CACHE DEFAULT CELL_FLASH_CACHE DEFAULT)
  TABLESPACE "TS_ALUMNOS" ;
--------------------------------------------------------
--  DDL for Index SUBCONTRATA_EMPLEADO_PK
--------------------------------------------------------

  CREATE UNIQUE INDEX "UBD3707"."SUBCONTRATA_EMPLEADO_PK" ON "UBD3707"."SUBCONTRATA_VOLUNTARIO" ("NIF") 
  PCTFREE 10 INITRANS 2 MAXTRANS 255 COMPUTE STATISTICS 
  STORAGE(INITIAL 65536 NEXT 1048576 MINEXTENTS 1 MAXEXTENTS 2147483645
  PCTINCREASE 0 FREELISTS 1 FREELIST GROUPS 1
  BUFFER_POOL DEFAULT FLASH_CACHE DEFAULT CELL_FLASH_CACHE DEFAULT)
  TABLESPACE "TS_ALUMNOS" ;
--------------------------------------------------------
--  DDL for Index TIPO_DELITO_PK
--------------------------------------------------------

  CREATE UNIQUE INDEX "UBD3707"."TIPO_DELITO_PK" ON "UBD3707"."TIPO_DELITO" ("ID") 
  PCTFREE 10 INITRANS 2 MAXTRANS 255 COMPUTE STATISTICS 
  STORAGE(INITIAL 65536 NEXT 1048576 MINEXTENTS 1 MAXEXTENTS 2147483645
  PCTINCREASE 0 FREELISTS 1 FREELIST GROUPS 1
  BUFFER_POOL DEFAULT FLASH_CACHE DEFAULT CELL_FLASH_CACHE DEFAULT)
  TABLESPACE "TS_ALUMNOS" ;
--------------------------------------------------------
--  DDL for Index TURNO_PK
--------------------------------------------------------

  CREATE UNIQUE INDEX "UBD3707"."TURNO_PK" ON "UBD3707"."TURNO" ("ID_TURNO") 
  PCTFREE 10 INITRANS 2 MAXTRANS 255 COMPUTE STATISTICS 
  STORAGE(INITIAL 65536 NEXT 1048576 MINEXTENTS 1 MAXEXTENTS 2147483645
  PCTINCREASE 0 FREELISTS 1 FREELIST GROUPS 1
  BUFFER_POOL DEFAULT FLASH_CACHE DEFAULT CELL_FLASH_CACHE DEFAULT)
  TABLESPACE "TS_ALUMNOS" ;
--------------------------------------------------------
--  DDL for Index VISITA_PK
--------------------------------------------------------

  CREATE UNIQUE INDEX "UBD3707"."VISITA_PK" ON "UBD3707"."VISITA" ("NIF_RECLUSO", "NIF_VISITANTE", "FECHA_HORA_VISITA") 
  PCTFREE 10 INITRANS 2 MAXTRANS 255 COMPUTE STATISTICS 
  STORAGE(INITIAL 65536 NEXT 1048576 MINEXTENTS 1 MAXEXTENTS 2147483645
  PCTINCREASE 0 FREELISTS 1 FREELIST GROUPS 1
  BUFFER_POOL DEFAULT FLASH_CACHE DEFAULT CELL_FLASH_CACHE DEFAULT)
  TABLESPACE "TS_ALUMNOS" ;
--------------------------------------------------------
--  DDL for Index VISITANTE_PK
--------------------------------------------------------

  CREATE UNIQUE INDEX "UBD3707"."VISITANTE_PK" ON "UBD3707"."VISITANTE" ("NIF") 
  PCTFREE 10 INITRANS 2 MAXTRANS 255 COMPUTE STATISTICS 
  STORAGE(INITIAL 65536 NEXT 1048576 MINEXTENTS 1 MAXEXTENTS 2147483645
  PCTINCREASE 0 FREELISTS 1 FREELIST GROUPS 1
  BUFFER_POOL DEFAULT FLASH_CACHE DEFAULT CELL_FLASH_CACHE DEFAULT)
  TABLESPACE "TS_ALUMNOS" ;
--------------------------------------------------------
--  DDL for Trigger AUDIT_TABLE_TRG
--------------------------------------------------------

  CREATE OR REPLACE EDITIONABLE TRIGGER "UBD3707"."AUDIT_TABLE_TRG" 
BEFORE INSERT ON AUDIT_TABLE 
FOR EACH ROW 
BEGIN
  <<COLUMN_SEQUENCES>>
  BEGIN
    IF INSERTING AND :NEW.ID IS NULL THEN
      SELECT AUDIT_TABLE_SEQ.NEXTVAL INTO :NEW.ID FROM SYS.DUAL;
    END IF;
  END COLUMN_SEQUENCES;
END;
/
ALTER TRIGGER "UBD3707"."AUDIT_TABLE_TRG" ENABLE;
--------------------------------------------------------
--  DDL for Trigger COMPRA_TRG
--------------------------------------------------------

  CREATE OR REPLACE EDITIONABLE TRIGGER "UBD3707"."COMPRA_TRG" 
BEFORE INSERT ON COMPRA 
FOR EACH ROW 
BEGIN
  <<COLUMN_SEQUENCES>>
  BEGIN
    IF INSERTING AND :NEW.COD_COMPRA IS NULL THEN
      SELECT COMPRA_SEQ.NEXTVAL INTO :NEW.COD_COMPRA FROM SYS.DUAL;
    END IF;
  END COLUMN_SEQUENCES;
END;
/
ALTER TRIGGER "UBD3707"."COMPRA_TRG" ENABLE;
--------------------------------------------------------
--  DDL for Trigger DELITOS_TRG
--------------------------------------------------------

  CREATE OR REPLACE EDITIONABLE TRIGGER "UBD3707"."DELITOS_TRG" 
BEFORE INSERT ON DELITOS 
FOR EACH ROW 
BEGIN
  <<COLUMN_SEQUENCES>>
  BEGIN
    NULL;
  END COLUMN_SEQUENCES;
END;
/
ALTER TRIGGER "UBD3707"."DELITOS_TRG" ENABLE;
--------------------------------------------------------
--  DDL for Trigger REGISTRO_AUDIT_CARCEL
--------------------------------------------------------

  CREATE OR REPLACE EDITIONABLE TRIGGER "UBD3707"."REGISTRO_AUDIT_CARCEL" 
AFTER DELETE OR INSERT OR UPDATE ON CARCEL 
declare table_name varchar(30) := 'CARCEL';
BEGIN
  IF INSERTING THEN
    INSERT INTO AUDIT_TABLE (USUARIO,TIPO,TABLA) VALUES (USER,'INSERT', table_name);
    
  ELSIF DELETING THEN
    INSERT INTO AUDIT_TABLE (USUARIO,TIPO,TABLA) VALUES (USER,'DELETE', table_name);
    
  ELSIF UPDATING THEN
    INSERT INTO AUDIT_TABLE (USUARIO,TIPO,TABLA) VALUES (USER,'UPDATE',  table_name);
  END IF;
END;
/
ALTER TRIGGER "UBD3707"."REGISTRO_AUDIT_CARCEL" ENABLE;
--------------------------------------------------------
--  DDL for Trigger REGISTRO_AUDIT_CELDA
--------------------------------------------------------

  CREATE OR REPLACE EDITIONABLE TRIGGER "UBD3707"."REGISTRO_AUDIT_CELDA" 
AFTER DELETE OR INSERT OR UPDATE ON CELDA 
declare table_name varchar(30) := 'CELDA';
BEGIN
  IF INSERTING THEN
    INSERT INTO AUDIT_TABLE (USUARIO,TIPO,TABLA) VALUES (USER,'INSERT', table_name);
    
  ELSIF DELETING THEN
    INSERT INTO AUDIT_TABLE (USUARIO,TIPO,TABLA) VALUES (USER,'DELETE', table_name);
    
  ELSIF UPDATING THEN
    INSERT INTO AUDIT_TABLE (USUARIO,TIPO,TABLA) VALUES (USER,'UPDATE',  table_name);
  END IF;
END;
/
ALTER TRIGGER "UBD3707"."REGISTRO_AUDIT_CELDA" ENABLE;
--------------------------------------------------------
--  DDL for Trigger REGISTRO_AUDIT_COCINERO
--------------------------------------------------------

  CREATE OR REPLACE EDITIONABLE TRIGGER "UBD3707"."REGISTRO_AUDIT_COCINERO" 
AFTER DELETE OR INSERT OR UPDATE ON COCINERO 
declare table_name varchar(30) := 'COCINERO';
BEGIN
  IF INSERTING THEN
    INSERT INTO AUDIT_TABLE (USUARIO,TIPO,TABLA) VALUES (USER,'INSERT', table_name);
    
  ELSIF DELETING THEN
    INSERT INTO AUDIT_TABLE (USUARIO,TIPO,TABLA) VALUES (USER,'DELETE', table_name);
    
  ELSIF UPDATING THEN
    INSERT INTO AUDIT_TABLE (USUARIO,TIPO,TABLA) VALUES (USER,'UPDATE',  table_name);
  END IF;
END;
/
ALTER TRIGGER "UBD3707"."REGISTRO_AUDIT_COCINERO" ENABLE;
--------------------------------------------------------
--  DDL for Trigger REGISTRO_AUDIT_COMPRA
--------------------------------------------------------

  CREATE OR REPLACE EDITIONABLE TRIGGER "UBD3707"."REGISTRO_AUDIT_COMPRA" 
AFTER DELETE OR INSERT OR UPDATE ON COMPRA 
declare table_name varchar(30) := 'COMPRA';
BEGIN
  IF INSERTING THEN
    INSERT INTO AUDIT_TABLE (USUARIO,TIPO,TABLA) VALUES (USER,'INSERT', table_name);
    
  ELSIF DELETING THEN
    INSERT INTO AUDIT_TABLE (USUARIO,TIPO,TABLA) VALUES (USER,'DELETE', table_name);
    
  ELSIF UPDATING THEN
    INSERT INTO AUDIT_TABLE (USUARIO,TIPO,TABLA) VALUES (USER,'UPDATE',  table_name);
  END IF;
END;
/
ALTER TRIGGER "UBD3707"."REGISTRO_AUDIT_COMPRA" ENABLE;
--------------------------------------------------------
--  DDL for Trigger REGISTRO_AUDIT_DELITOS
--------------------------------------------------------

  CREATE OR REPLACE EDITIONABLE TRIGGER "UBD3707"."REGISTRO_AUDIT_DELITOS" 
AFTER DELETE OR INSERT OR UPDATE ON DELITOS 
declare table_name varchar(30) := 'DELITOS';
BEGIN
  IF INSERTING THEN
    INSERT INTO AUDIT_TABLE (USUARIO,TIPO,TABLA) VALUES (USER,'INSERT', table_name);
    
  ELSIF DELETING THEN
    INSERT INTO AUDIT_TABLE (USUARIO,TIPO,TABLA) VALUES (USER,'DELETE', table_name);
    
  ELSIF UPDATING THEN
    INSERT INTO AUDIT_TABLE (USUARIO,TIPO,TABLA) VALUES (USER,'UPDATE',  table_name);
  END IF;
END;
/
ALTER TRIGGER "UBD3707"."REGISTRO_AUDIT_DELITOS" ENABLE;
--------------------------------------------------------
--  DDL for Trigger REGISTRO_AUDIT_ECONOMATO
--------------------------------------------------------

  CREATE OR REPLACE EDITIONABLE TRIGGER "UBD3707"."REGISTRO_AUDIT_ECONOMATO" 
AFTER DELETE OR INSERT OR UPDATE ON ECONOMATO 
declare table_name varchar(30) := 'ECONOMATO';
BEGIN
  IF INSERTING THEN
    INSERT INTO AUDIT_TABLE (USUARIO,TIPO,TABLA) VALUES (USER,'INSERT', table_name);
    
  ELSIF DELETING THEN
    INSERT INTO AUDIT_TABLE (USUARIO,TIPO,TABLA) VALUES (USER,'DELETE', table_name);
    
  ELSIF UPDATING THEN
    INSERT INTO AUDIT_TABLE (USUARIO,TIPO,TABLA) VALUES (USER,'UPDATE',  table_name);
  END IF;
END;
/
ALTER TRIGGER "UBD3707"."REGISTRO_AUDIT_ECONOMATO" ENABLE;
--------------------------------------------------------
--  DDL for Trigger REGISTRO_AUDIT_EMPLEADO
--------------------------------------------------------

  CREATE OR REPLACE EDITIONABLE TRIGGER "UBD3707"."REGISTRO_AUDIT_EMPLEADO" 
AFTER DELETE OR INSERT OR UPDATE ON EMPLEADO 
declare table_name varchar(30) := 'EMPLEADO';
BEGIN
  IF INSERTING THEN
    INSERT INTO AUDIT_TABLE (USUARIO,TIPO,TABLA) VALUES (USER,'INSERT', table_name);
    
  ELSIF DELETING THEN
    INSERT INTO AUDIT_TABLE (USUARIO,TIPO,TABLA) VALUES (USER,'DELETE', table_name);
    
  ELSIF UPDATING THEN
    INSERT INTO AUDIT_TABLE (USUARIO,TIPO,TABLA) VALUES (USER,'UPDATE',  table_name);
  END IF;
END;
/
ALTER TRIGGER "UBD3707"."REGISTRO_AUDIT_EMPLEADO" ENABLE;
--------------------------------------------------------
--  DDL for Trigger REGISTRO_AUDIT_EMPRESA_EXTERNA
--------------------------------------------------------

  CREATE OR REPLACE EDITIONABLE TRIGGER "UBD3707"."REGISTRO_AUDIT_EMPRESA_EXTERNA" 
AFTER DELETE OR INSERT OR UPDATE ON EMPRESA_EXTERNA 
declare table_name varchar(30) := 'EMPRESA_EXTERNA';
BEGIN
  IF INSERTING THEN
    INSERT INTO AUDIT_TABLE (USUARIO,TIPO,TABLA) VALUES (USER,'INSERT', table_name);
    
  ELSIF DELETING THEN
    INSERT INTO AUDIT_TABLE (USUARIO,TIPO,TABLA) VALUES (USER,'DELETE', table_name);
    
  ELSIF UPDATING THEN
    INSERT INTO AUDIT_TABLE (USUARIO,TIPO,TABLA) VALUES (USER,'UPDATE',  table_name);
  END IF;
END;
/
ALTER TRIGGER "UBD3707"."REGISTRO_AUDIT_EMPRESA_EXTERNA" ENABLE;
--------------------------------------------------------
--  DDL for Trigger REGISTRO_AUDIT_GUARDIA
--------------------------------------------------------

  CREATE OR REPLACE EDITIONABLE TRIGGER "UBD3707"."REGISTRO_AUDIT_GUARDIA" 
AFTER DELETE OR INSERT OR UPDATE ON GUARDIA 
declare table_name varchar(30) := 'GUARDIA';
BEGIN
  IF INSERTING THEN
    INSERT INTO AUDIT_TABLE (USUARIO,TIPO,TABLA) VALUES (USER,'INSERT', table_name);
    
  ELSIF DELETING THEN
    INSERT INTO AUDIT_TABLE (USUARIO,TIPO,TABLA) VALUES (USER,'DELETE', table_name);
    
  ELSIF UPDATING THEN
    INSERT INTO AUDIT_TABLE (USUARIO,TIPO,TABLA) VALUES (USER,'UPDATE',  table_name);
  END IF;
END;
/
ALTER TRIGGER "UBD3707"."REGISTRO_AUDIT_GUARDIA" ENABLE;
--------------------------------------------------------
--  DDL for Trigger REGISTRO_AUDIT_INGRESO_EGRESO
--------------------------------------------------------

  CREATE OR REPLACE EDITIONABLE TRIGGER "UBD3707"."REGISTRO_AUDIT_INGRESO_EGRESO" 
AFTER DELETE OR INSERT OR UPDATE ON INGRESO_EGRESO 
declare table_name varchar(30) := 'INGRESO_EGRESO';
BEGIN
  IF INSERTING THEN
    INSERT INTO AUDIT_TABLE (USUARIO,TIPO,TABLA) VALUES (USER,'INSERT', table_name);
    
  ELSIF DELETING THEN
    INSERT INTO AUDIT_TABLE (USUARIO,TIPO,TABLA) VALUES (USER,'DELETE', table_name);
    
  ELSIF UPDATING THEN
    INSERT INTO AUDIT_TABLE (USUARIO,TIPO,TABLA) VALUES (USER,'UPDATE',  table_name);
  END IF;
END;
/
ALTER TRIGGER "UBD3707"."REGISTRO_AUDIT_INGRESO_EGRESO" ENABLE;
--------------------------------------------------------
--  DDL for Trigger REGISTRO_AUDIT_LIMPIADOR
--------------------------------------------------------

  CREATE OR REPLACE EDITIONABLE TRIGGER "UBD3707"."REGISTRO_AUDIT_LIMPIADOR" 
AFTER DELETE OR INSERT OR UPDATE ON LIMPIADOR
declare table_name varchar(30) := 'LIMPIADOR';
BEGIN
  IF INSERTING THEN
    INSERT INTO AUDIT_TABLE (USUARIO,TIPO,TABLA) VALUES (USER,'INSERT', table_name);
    
  ELSIF DELETING THEN
    INSERT INTO AUDIT_TABLE (USUARIO,TIPO,TABLA) VALUES (USER,'DELETE', table_name);
    
  ELSIF UPDATING THEN
    INSERT INTO AUDIT_TABLE (USUARIO,TIPO,TABLA) VALUES (USER,'UPDATE',  table_name);
  END IF;
END;
/
ALTER TRIGGER "UBD3707"."REGISTRO_AUDIT_LIMPIADOR" ENABLE;
--------------------------------------------------------
--  DDL for Trigger REGISTRO_AUDIT_MEDICO
--------------------------------------------------------

  CREATE OR REPLACE EDITIONABLE TRIGGER "UBD3707"."REGISTRO_AUDIT_MEDICO" 
AFTER DELETE OR INSERT OR UPDATE ON MEDICO
declare table_name varchar(30) := 'MEDICO';
BEGIN
  IF INSERTING THEN
    INSERT INTO AUDIT_TABLE (USUARIO,TIPO,TABLA) VALUES (USER,'INSERT', table_name);
    
  ELSIF DELETING THEN
    INSERT INTO AUDIT_TABLE (USUARIO,TIPO,TABLA) VALUES (USER,'DELETE', table_name);
    
  ELSIF UPDATING THEN
    INSERT INTO AUDIT_TABLE (USUARIO,TIPO,TABLA) VALUES (USER,'UPDATE',  table_name);
  END IF;
END;
/
ALTER TRIGGER "UBD3707"."REGISTRO_AUDIT_MEDICO" ENABLE;
--------------------------------------------------------
--  DDL for Trigger REGISTRO_AUDIT_MODULO
--------------------------------------------------------

  CREATE OR REPLACE EDITIONABLE TRIGGER "UBD3707"."REGISTRO_AUDIT_MODULO" 
AFTER DELETE OR INSERT OR UPDATE ON UBD3707.MODULO
declare table_name varchar(30) := 'MODULO';
BEGIN
  IF INSERTING THEN
    INSERT INTO AUDIT_TABLE (USUARIO,TIPO,TABLA) VALUES (USER,'INSERT', table_name);
    
  ELSIF DELETING THEN
    INSERT INTO AUDIT_TABLE (USUARIO,TIPO,TABLA) VALUES (USER,'DELETE', table_name);
    
  ELSIF UPDATING THEN
    INSERT INTO AUDIT_TABLE (USUARIO,TIPO,TABLA) VALUES (USER,'UPDATE',  table_name);
  END IF;
END;
/
ALTER TRIGGER "UBD3707"."REGISTRO_AUDIT_MODULO" ENABLE;
--------------------------------------------------------
--  DDL for Trigger REGISTRO_AUDIT_PERSONA
--------------------------------------------------------

  CREATE OR REPLACE EDITIONABLE TRIGGER "UBD3707"."REGISTRO_AUDIT_PERSONA" 
AFTER DELETE OR INSERT OR UPDATE ON PERSONA
declare table_name varchar(30) := 'PERSONA';
BEGIN
  IF INSERTING THEN
    INSERT INTO AUDIT_TABLE (USUARIO,TIPO,TABLA) VALUES (USER,'INSERT', table_name);
    
  ELSIF DELETING THEN
    INSERT INTO AUDIT_TABLE (USUARIO,TIPO,TABLA) VALUES (USER,'DELETE', table_name);
    
  ELSIF UPDATING THEN
    INSERT INTO AUDIT_TABLE (USUARIO,TIPO,TABLA) VALUES (USER,'UPDATE',  table_name);
  END IF;
END;
/
ALTER TRIGGER "UBD3707"."REGISTRO_AUDIT_PERSONA" ENABLE;
--------------------------------------------------------
--  DDL for Trigger REGISTRO_AUDIT_PRODUCTO
--------------------------------------------------------

  CREATE OR REPLACE EDITIONABLE TRIGGER "UBD3707"."REGISTRO_AUDIT_PRODUCTO" 
AFTER DELETE OR INSERT OR UPDATE ON PRODUCTO
declare table_name varchar(30) := 'PRODUCTO';
BEGIN
  IF INSERTING THEN
    INSERT INTO AUDIT_TABLE (USUARIO,TIPO,TABLA) VALUES (USER,'INSERT', table_name);
    
  ELSIF DELETING THEN
    INSERT INTO AUDIT_TABLE (USUARIO,TIPO,TABLA) VALUES (USER,'DELETE', table_name);
    
  ELSIF UPDATING THEN
    INSERT INTO AUDIT_TABLE (USUARIO,TIPO,TABLA) VALUES (USER,'UPDATE',  table_name);
  END IF;
END;
/
ALTER TRIGGER "UBD3707"."REGISTRO_AUDIT_PRODUCTO" ENABLE;
--------------------------------------------------------
--  DDL for Trigger REGISTRO_AUDIT_PROVEE_ECONOMATO
--------------------------------------------------------

  CREATE OR REPLACE EDITIONABLE TRIGGER "UBD3707"."REGISTRO_AUDIT_PROVEE_ECONOMATO" 
AFTER DELETE OR INSERT OR UPDATE ON PROVEE_ECONOMATO
declare table_name varchar(30) := 'PROVEE_ECONOMATO';
BEGIN
  IF INSERTING THEN
    INSERT INTO AUDIT_TABLE (USUARIO,TIPO,TABLA) VALUES (USER,'INSERT', table_name);
    
  ELSIF DELETING THEN
    INSERT INTO AUDIT_TABLE (USUARIO,TIPO,TABLA) VALUES (USER,'DELETE', table_name);
    
  ELSIF UPDATING THEN
    INSERT INTO AUDIT_TABLE (USUARIO,TIPO,TABLA) VALUES (USER,'UPDATE',  table_name);
  END IF;
END;
/
ALTER TRIGGER "UBD3707"."REGISTRO_AUDIT_PROVEE_ECONOMATO" ENABLE;
--------------------------------------------------------
--  DDL for Trigger REGISTRO_AUDIT_RECLUSO
--------------------------------------------------------

  CREATE OR REPLACE EDITIONABLE TRIGGER "UBD3707"."REGISTRO_AUDIT_RECLUSO" 
AFTER DELETE OR INSERT OR UPDATE ON RECLUSO
declare table_name varchar(30) := 'RECLUSO';
BEGIN
  IF INSERTING THEN
    INSERT INTO AUDIT_TABLE (USUARIO,TIPO,TABLA) VALUES (USER,'INSERT', table_name);
    
  ELSIF DELETING THEN
    INSERT INTO AUDIT_TABLE (USUARIO,TIPO,TABLA) VALUES (USER,'DELETE', table_name);
    
  ELSIF UPDATING THEN
    INSERT INTO AUDIT_TABLE (USUARIO,TIPO,TABLA) VALUES (USER,'UPDATE',  table_name);
  END IF;
END;
/
ALTER TRIGGER "UBD3707"."REGISTRO_AUDIT_RECLUSO" ENABLE;
--------------------------------------------------------
--  DDL for Trigger REGISTRO_AUDIT_RECLUSO_PERMISO_ZONA
--------------------------------------------------------

  CREATE OR REPLACE EDITIONABLE TRIGGER "UBD3707"."REGISTRO_AUDIT_RECLUSO_PERMISO_ZONA" 
AFTER DELETE OR INSERT OR UPDATE ON RECLUSO_PERMISO_ZONA
declare table_name varchar(30) := 'RECLUSO_PERMISO_ZONA';
BEGIN
  IF INSERTING THEN
    INSERT INTO AUDIT_TABLE (USUARIO,TIPO,TABLA) VALUES (USER,'INSERT', table_name);
    
  ELSIF DELETING THEN
    INSERT INTO AUDIT_TABLE (USUARIO,TIPO,TABLA) VALUES (USER,'DELETE', table_name);
    
  ELSIF UPDATING THEN
    INSERT INTO AUDIT_TABLE (USUARIO,TIPO,TABLA) VALUES (USER,'UPDATE',  table_name);
  END IF;
END;
/
ALTER TRIGGER "UBD3707"."REGISTRO_AUDIT_RECLUSO_PERMISO_ZONA" ENABLE;
--------------------------------------------------------
--  DDL for Trigger REGISTRO_AUDIT_SUBCONTRATA
--------------------------------------------------------

  CREATE OR REPLACE EDITIONABLE TRIGGER "UBD3707"."REGISTRO_AUDIT_SUBCONTRATA" 
AFTER DELETE OR INSERT OR UPDATE ON SUBCONTRATA
declare table_name varchar(30) := 'SUBCONTRATA';
BEGIN
  IF INSERTING THEN
    INSERT INTO AUDIT_TABLE (USUARIO,TIPO,TABLA) VALUES (USER,'INSERT', table_name);
    
  ELSIF DELETING THEN
    INSERT INTO AUDIT_TABLE (USUARIO,TIPO,TABLA) VALUES (USER,'DELETE', table_name);
    
  ELSIF UPDATING THEN
    INSERT INTO AUDIT_TABLE (USUARIO,TIPO,TABLA) VALUES (USER,'UPDATE',  table_name);
  END IF;
END;
/
ALTER TRIGGER "UBD3707"."REGISTRO_AUDIT_SUBCONTRATA" ENABLE;
--------------------------------------------------------
--  DDL for Trigger REGISTRO_AUDIT_SUBCONTRATA_VOLUNTARIO
--------------------------------------------------------

  CREATE OR REPLACE EDITIONABLE TRIGGER "UBD3707"."REGISTRO_AUDIT_SUBCONTRATA_VOLUNTARIO" 
AFTER DELETE OR INSERT OR UPDATE ON SUBCONTRATA_VOLUNTARIO
declare table_name varchar(30) := 'SUBCONTRATA_VOLUNTARIO';
BEGIN
  IF INSERTING THEN
    INSERT INTO AUDIT_TABLE (USUARIO,TIPO,TABLA) VALUES (USER,'INSERT', table_name);
    
  ELSIF DELETING THEN
    INSERT INTO AUDIT_TABLE (USUARIO,TIPO,TABLA) VALUES (USER,'DELETE', table_name);
    
  ELSIF UPDATING THEN
    INSERT INTO AUDIT_TABLE (USUARIO,TIPO,TABLA) VALUES (USER,'UPDATE',  table_name);
  END IF;
END;
/
ALTER TRIGGER "UBD3707"."REGISTRO_AUDIT_SUBCONTRATA_VOLUNTARIO" ENABLE;
--------------------------------------------------------
--  DDL for Trigger REGISTRO_AUDIT_TIPO_DELITO
--------------------------------------------------------

  CREATE OR REPLACE EDITIONABLE TRIGGER "UBD3707"."REGISTRO_AUDIT_TIPO_DELITO" 
AFTER DELETE OR INSERT OR UPDATE ON TIPO_DELITO
declare table_name varchar(30) := 'TIPO_DELITO';
BEGIN
  IF INSERTING THEN
    INSERT INTO AUDIT_TABLE (USUARIO,TIPO,TABLA) VALUES (USER,'INSERT', table_name);
    
  ELSIF DELETING THEN
    INSERT INTO AUDIT_TABLE (USUARIO,TIPO,TABLA) VALUES (USER,'DELETE', table_name);
    
  ELSIF UPDATING THEN
    INSERT INTO AUDIT_TABLE (USUARIO,TIPO,TABLA) VALUES (USER,'UPDATE',  table_name);
  END IF;
END;
/
ALTER TRIGGER "UBD3707"."REGISTRO_AUDIT_TIPO_DELITO" ENABLE;
--------------------------------------------------------
--  DDL for Trigger REGISTRO_AUDIT_TURNO
--------------------------------------------------------

  CREATE OR REPLACE EDITIONABLE TRIGGER "UBD3707"."REGISTRO_AUDIT_TURNO" 
AFTER DELETE OR INSERT OR UPDATE ON TURNO
declare table_name varchar(30) := 'TURNO';
BEGIN
  IF INSERTING THEN
    INSERT INTO AUDIT_TABLE (USUARIO,TIPO,TABLA) VALUES (USER,'INSERT', table_name);
    
  ELSIF DELETING THEN
    INSERT INTO AUDIT_TABLE (USUARIO,TIPO,TABLA) VALUES (USER,'DELETE', table_name);
    
  ELSIF UPDATING THEN
    INSERT INTO AUDIT_TABLE (USUARIO,TIPO,TABLA) VALUES (USER,'UPDATE',  table_name);
  END IF;
END;
/
ALTER TRIGGER "UBD3707"."REGISTRO_AUDIT_TURNO" ENABLE;
--------------------------------------------------------
--  DDL for Trigger REGISTRO_AUDIT_VISITA
--------------------------------------------------------

  CREATE OR REPLACE EDITIONABLE TRIGGER "UBD3707"."REGISTRO_AUDIT_VISITA" 
AFTER DELETE OR INSERT OR UPDATE ON VISITA
declare table_name varchar(30) := 'VISITA';
BEGIN
  IF INSERTING THEN
    INSERT INTO AUDIT_TABLE (USUARIO,TIPO,TABLA) VALUES (USER,'INSERT', table_name);
    
  ELSIF DELETING THEN
    INSERT INTO AUDIT_TABLE (USUARIO,TIPO,TABLA) VALUES (USER,'DELETE', table_name);
    
  ELSIF UPDATING THEN
    INSERT INTO AUDIT_TABLE (USUARIO,TIPO,TABLA) VALUES (USER,'UPDATE',  table_name);
  END IF;
END;
/
ALTER TRIGGER "UBD3707"."REGISTRO_AUDIT_VISITA" ENABLE;
--------------------------------------------------------
--  DDL for Trigger REGISTRO_AUDIT_VISITANTE
--------------------------------------------------------

  CREATE OR REPLACE EDITIONABLE TRIGGER "UBD3707"."REGISTRO_AUDIT_VISITANTE" 
AFTER DELETE OR INSERT OR UPDATE ON VISITANTE
declare table_name varchar(30) := 'VISITANTE';
BEGIN
  IF INSERTING THEN
    INSERT INTO AUDIT_TABLE (USUARIO,TIPO,TABLA) VALUES (USER,'INSERT', table_name);
    
  ELSIF DELETING THEN
    INSERT INTO AUDIT_TABLE (USUARIO,TIPO,TABLA) VALUES (USER,'DELETE', table_name);
    
  ELSIF UPDATING THEN
    INSERT INTO AUDIT_TABLE (USUARIO,TIPO,TABLA) VALUES (USER,'UPDATE',  table_name);
  END IF;
END;
/
ALTER TRIGGER "UBD3707"."REGISTRO_AUDIT_VISITANTE" ENABLE;
--------------------------------------------------------
--  DDL for Trigger REGISTRO_AUDIT_ZONA_ACTIVIDADES
--------------------------------------------------------

  CREATE OR REPLACE EDITIONABLE TRIGGER "UBD3707"."REGISTRO_AUDIT_ZONA_ACTIVIDADES" 
AFTER DELETE OR INSERT OR UPDATE ON ZONA_ACTIVIDADES
declare table_name varchar(30) := 'ZONA_ACTIVIDADES';
BEGIN
  IF INSERTING THEN
    INSERT INTO AUDIT_TABLE (USUARIO,TIPO,TABLA) VALUES (USER,'INSERT', table_name);
    
  ELSIF DELETING THEN
    INSERT INTO AUDIT_TABLE (USUARIO,TIPO,TABLA) VALUES (USER,'DELETE', table_name);
    
  ELSIF UPDATING THEN
    INSERT INTO AUDIT_TABLE (USUARIO,TIPO,TABLA) VALUES (USER,'UPDATE',  table_name);
  END IF;
END;
/
ALTER TRIGGER "UBD3707"."REGISTRO_AUDIT_ZONA_ACTIVIDADES" ENABLE;
--------------------------------------------------------
--  DDL for Trigger TIPO_DELITO_TRG
--------------------------------------------------------

  CREATE OR REPLACE EDITIONABLE TRIGGER "UBD3707"."TIPO_DELITO_TRG" 
BEFORE INSERT ON TIPO_DELITO 
FOR EACH ROW 
BEGIN
  <<COLUMN_SEQUENCES>>
  BEGIN
    IF INSERTING AND :NEW.ID IS NULL THEN
      SELECT TIPO_DELITO_SEQ.NEXTVAL INTO :NEW.ID FROM SYS.DUAL;
    END IF;
  END COLUMN_SEQUENCES;
END;
/
ALTER TRIGGER "UBD3707"."TIPO_DELITO_TRG" ENABLE;
--------------------------------------------------------
--  DDL for Trigger TURNO_TRG
--------------------------------------------------------

  CREATE OR REPLACE EDITIONABLE TRIGGER "UBD3707"."TURNO_TRG" 
BEFORE INSERT ON TURNO 
FOR EACH ROW 
BEGIN
  <<COLUMN_SEQUENCES>>
  BEGIN
    IF INSERTING AND :NEW.ID_TURNO IS NULL THEN
      SELECT TURNO_SEQ.NEXTVAL INTO :NEW.ID_TURNO FROM SYS.DUAL;
    END IF;
  END COLUMN_SEQUENCES;
END;
/
ALTER TRIGGER "UBD3707"."TURNO_TRG" ENABLE;
--------------------------------------------------------
--  DDL for Trigger REGISTRO_AUDIT_ZONA_ACTIVIDADES
--------------------------------------------------------

  CREATE OR REPLACE EDITIONABLE TRIGGER "UBD3707"."REGISTRO_AUDIT_ZONA_ACTIVIDADES" 
AFTER DELETE OR INSERT OR UPDATE ON ZONA_ACTIVIDADES
declare table_name varchar(30) := 'ZONA_ACTIVIDADES';
BEGIN
  IF INSERTING THEN
    INSERT INTO AUDIT_TABLE (USUARIO,TIPO,TABLA) VALUES (USER,'INSERT', table_name);
    
  ELSIF DELETING THEN
    INSERT INTO AUDIT_TABLE (USUARIO,TIPO,TABLA) VALUES (USER,'DELETE', table_name);
    
  ELSIF UPDATING THEN
    INSERT INTO AUDIT_TABLE (USUARIO,TIPO,TABLA) VALUES (USER,'UPDATE',  table_name);
  END IF;
END;
/
ALTER TRIGGER "UBD3707"."REGISTRO_AUDIT_ZONA_ACTIVIDADES" ENABLE;
--------------------------------------------------------
--  DDL for Trigger AUDIT_TABLE_TRG
--------------------------------------------------------

  CREATE OR REPLACE EDITIONABLE TRIGGER "UBD3707"."AUDIT_TABLE_TRG" 
BEFORE INSERT ON AUDIT_TABLE 
FOR EACH ROW 
BEGIN
  <<COLUMN_SEQUENCES>>
  BEGIN
    IF INSERTING AND :NEW.ID IS NULL THEN
      SELECT AUDIT_TABLE_SEQ.NEXTVAL INTO :NEW.ID FROM SYS.DUAL;
    END IF;
  END COLUMN_SEQUENCES;
END;
/
ALTER TRIGGER "UBD3707"."AUDIT_TABLE_TRG" ENABLE;
--------------------------------------------------------
--  DDL for Trigger REGISTRO_AUDIT_CARCEL
--------------------------------------------------------

  CREATE OR REPLACE EDITIONABLE TRIGGER "UBD3707"."REGISTRO_AUDIT_CARCEL" 
AFTER DELETE OR INSERT OR UPDATE ON CARCEL 
declare table_name varchar(30) := 'CARCEL';
BEGIN
  IF INSERTING THEN
    INSERT INTO AUDIT_TABLE (USUARIO,TIPO,TABLA) VALUES (USER,'INSERT', table_name);
    
  ELSIF DELETING THEN
    INSERT INTO AUDIT_TABLE (USUARIO,TIPO,TABLA) VALUES (USER,'DELETE', table_name);
    
  ELSIF UPDATING THEN
    INSERT INTO AUDIT_TABLE (USUARIO,TIPO,TABLA) VALUES (USER,'UPDATE',  table_name);
  END IF;
END;
/
ALTER TRIGGER "UBD3707"."REGISTRO_AUDIT_CARCEL" ENABLE;
--------------------------------------------------------
--  DDL for Trigger REGISTRO_AUDIT_CELDA
--------------------------------------------------------

  CREATE OR REPLACE EDITIONABLE TRIGGER "UBD3707"."REGISTRO_AUDIT_CELDA" 
AFTER DELETE OR INSERT OR UPDATE ON CELDA 
declare table_name varchar(30) := 'CELDA';
BEGIN
  IF INSERTING THEN
    INSERT INTO AUDIT_TABLE (USUARIO,TIPO,TABLA) VALUES (USER,'INSERT', table_name);
    
  ELSIF DELETING THEN
    INSERT INTO AUDIT_TABLE (USUARIO,TIPO,TABLA) VALUES (USER,'DELETE', table_name);
    
  ELSIF UPDATING THEN
    INSERT INTO AUDIT_TABLE (USUARIO,TIPO,TABLA) VALUES (USER,'UPDATE',  table_name);
  END IF;
END;
/
ALTER TRIGGER "UBD3707"."REGISTRO_AUDIT_CELDA" ENABLE;
--------------------------------------------------------
--  DDL for Trigger REGISTRO_AUDIT_COCINERO
--------------------------------------------------------

  CREATE OR REPLACE EDITIONABLE TRIGGER "UBD3707"."REGISTRO_AUDIT_COCINERO" 
AFTER DELETE OR INSERT OR UPDATE ON COCINERO 
declare table_name varchar(30) := 'COCINERO';
BEGIN
  IF INSERTING THEN
    INSERT INTO AUDIT_TABLE (USUARIO,TIPO,TABLA) VALUES (USER,'INSERT', table_name);
    
  ELSIF DELETING THEN
    INSERT INTO AUDIT_TABLE (USUARIO,TIPO,TABLA) VALUES (USER,'DELETE', table_name);
    
  ELSIF UPDATING THEN
    INSERT INTO AUDIT_TABLE (USUARIO,TIPO,TABLA) VALUES (USER,'UPDATE',  table_name);
  END IF;
END;
/
ALTER TRIGGER "UBD3707"."REGISTRO_AUDIT_COCINERO" ENABLE;
--------------------------------------------------------
--  DDL for Trigger REGISTRO_AUDIT_COMPRA
--------------------------------------------------------

  CREATE OR REPLACE EDITIONABLE TRIGGER "UBD3707"."REGISTRO_AUDIT_COMPRA" 
AFTER DELETE OR INSERT OR UPDATE ON COMPRA 
declare table_name varchar(30) := 'COMPRA';
BEGIN
  IF INSERTING THEN
    INSERT INTO AUDIT_TABLE (USUARIO,TIPO,TABLA) VALUES (USER,'INSERT', table_name);
    
  ELSIF DELETING THEN
    INSERT INTO AUDIT_TABLE (USUARIO,TIPO,TABLA) VALUES (USER,'DELETE', table_name);
    
  ELSIF UPDATING THEN
    INSERT INTO AUDIT_TABLE (USUARIO,TIPO,TABLA) VALUES (USER,'UPDATE',  table_name);
  END IF;
END;
/
ALTER TRIGGER "UBD3707"."REGISTRO_AUDIT_COMPRA" ENABLE;
--------------------------------------------------------
--  DDL for Trigger COMPRA_TRG
--------------------------------------------------------

  CREATE OR REPLACE EDITIONABLE TRIGGER "UBD3707"."COMPRA_TRG" 
BEFORE INSERT ON COMPRA 
FOR EACH ROW 
BEGIN
  <<COLUMN_SEQUENCES>>
  BEGIN
    IF INSERTING AND :NEW.COD_COMPRA IS NULL THEN
      SELECT COMPRA_SEQ.NEXTVAL INTO :NEW.COD_COMPRA FROM SYS.DUAL;
    END IF;
  END COLUMN_SEQUENCES;
END;
/
ALTER TRIGGER "UBD3707"."COMPRA_TRG" ENABLE;
--------------------------------------------------------
--  DDL for Trigger DELITOS_TRG
--------------------------------------------------------

  CREATE OR REPLACE EDITIONABLE TRIGGER "UBD3707"."DELITOS_TRG" 
BEFORE INSERT ON DELITOS 
FOR EACH ROW 
BEGIN
  <<COLUMN_SEQUENCES>>
  BEGIN
    NULL;
  END COLUMN_SEQUENCES;
END;
/
ALTER TRIGGER "UBD3707"."DELITOS_TRG" ENABLE;
--------------------------------------------------------
--  DDL for Trigger REGISTRO_AUDIT_DELITOS
--------------------------------------------------------

  CREATE OR REPLACE EDITIONABLE TRIGGER "UBD3707"."REGISTRO_AUDIT_DELITOS" 
AFTER DELETE OR INSERT OR UPDATE ON DELITOS 
declare table_name varchar(30) := 'DELITOS';
BEGIN
  IF INSERTING THEN
    INSERT INTO AUDIT_TABLE (USUARIO,TIPO,TABLA) VALUES (USER,'INSERT', table_name);
    
  ELSIF DELETING THEN
    INSERT INTO AUDIT_TABLE (USUARIO,TIPO,TABLA) VALUES (USER,'DELETE', table_name);
    
  ELSIF UPDATING THEN
    INSERT INTO AUDIT_TABLE (USUARIO,TIPO,TABLA) VALUES (USER,'UPDATE',  table_name);
  END IF;
END;
/
ALTER TRIGGER "UBD3707"."REGISTRO_AUDIT_DELITOS" ENABLE;
--------------------------------------------------------
--  DDL for Trigger REGISTRO_AUDIT_ECONOMATO
--------------------------------------------------------

  CREATE OR REPLACE EDITIONABLE TRIGGER "UBD3707"."REGISTRO_AUDIT_ECONOMATO" 
AFTER DELETE OR INSERT OR UPDATE ON ECONOMATO 
declare table_name varchar(30) := 'ECONOMATO';
BEGIN
  IF INSERTING THEN
    INSERT INTO AUDIT_TABLE (USUARIO,TIPO,TABLA) VALUES (USER,'INSERT', table_name);
    
  ELSIF DELETING THEN
    INSERT INTO AUDIT_TABLE (USUARIO,TIPO,TABLA) VALUES (USER,'DELETE', table_name);
    
  ELSIF UPDATING THEN
    INSERT INTO AUDIT_TABLE (USUARIO,TIPO,TABLA) VALUES (USER,'UPDATE',  table_name);
  END IF;
END;
/
ALTER TRIGGER "UBD3707"."REGISTRO_AUDIT_ECONOMATO" ENABLE;
--------------------------------------------------------
--  DDL for Trigger REGISTRO_AUDIT_EMPLEADO
--------------------------------------------------------

  CREATE OR REPLACE EDITIONABLE TRIGGER "UBD3707"."REGISTRO_AUDIT_EMPLEADO" 
AFTER DELETE OR INSERT OR UPDATE ON EMPLEADO 
declare table_name varchar(30) := 'EMPLEADO';
BEGIN
  IF INSERTING THEN
    INSERT INTO AUDIT_TABLE (USUARIO,TIPO,TABLA) VALUES (USER,'INSERT', table_name);
    
  ELSIF DELETING THEN
    INSERT INTO AUDIT_TABLE (USUARIO,TIPO,TABLA) VALUES (USER,'DELETE', table_name);
    
  ELSIF UPDATING THEN
    INSERT INTO AUDIT_TABLE (USUARIO,TIPO,TABLA) VALUES (USER,'UPDATE',  table_name);
  END IF;
END;
/
ALTER TRIGGER "UBD3707"."REGISTRO_AUDIT_EMPLEADO" ENABLE;
--------------------------------------------------------
--  DDL for Trigger REGISTRO_AUDIT_EMPRESA_EXTERNA
--------------------------------------------------------

  CREATE OR REPLACE EDITIONABLE TRIGGER "UBD3707"."REGISTRO_AUDIT_EMPRESA_EXTERNA" 
AFTER DELETE OR INSERT OR UPDATE ON EMPRESA_EXTERNA 
declare table_name varchar(30) := 'EMPRESA_EXTERNA';
BEGIN
  IF INSERTING THEN
    INSERT INTO AUDIT_TABLE (USUARIO,TIPO,TABLA) VALUES (USER,'INSERT', table_name);
    
  ELSIF DELETING THEN
    INSERT INTO AUDIT_TABLE (USUARIO,TIPO,TABLA) VALUES (USER,'DELETE', table_name);
    
  ELSIF UPDATING THEN
    INSERT INTO AUDIT_TABLE (USUARIO,TIPO,TABLA) VALUES (USER,'UPDATE',  table_name);
  END IF;
END;
/
ALTER TRIGGER "UBD3707"."REGISTRO_AUDIT_EMPRESA_EXTERNA" ENABLE;
--------------------------------------------------------
--  DDL for Trigger REGISTRO_AUDIT_GUARDIA
--------------------------------------------------------

  CREATE OR REPLACE EDITIONABLE TRIGGER "UBD3707"."REGISTRO_AUDIT_GUARDIA" 
AFTER DELETE OR INSERT OR UPDATE ON GUARDIA 
declare table_name varchar(30) := 'GUARDIA';
BEGIN
  IF INSERTING THEN
    INSERT INTO AUDIT_TABLE (USUARIO,TIPO,TABLA) VALUES (USER,'INSERT', table_name);
    
  ELSIF DELETING THEN
    INSERT INTO AUDIT_TABLE (USUARIO,TIPO,TABLA) VALUES (USER,'DELETE', table_name);
    
  ELSIF UPDATING THEN
    INSERT INTO AUDIT_TABLE (USUARIO,TIPO,TABLA) VALUES (USER,'UPDATE',  table_name);
  END IF;
END;
/
ALTER TRIGGER "UBD3707"."REGISTRO_AUDIT_GUARDIA" ENABLE;
--------------------------------------------------------
--  DDL for Trigger REGISTRO_AUDIT_INGRESO_EGRESO
--------------------------------------------------------

  CREATE OR REPLACE EDITIONABLE TRIGGER "UBD3707"."REGISTRO_AUDIT_INGRESO_EGRESO" 
AFTER DELETE OR INSERT OR UPDATE ON INGRESO_EGRESO 
declare table_name varchar(30) := 'INGRESO_EGRESO';
BEGIN
  IF INSERTING THEN
    INSERT INTO AUDIT_TABLE (USUARIO,TIPO,TABLA) VALUES (USER,'INSERT', table_name);
    
  ELSIF DELETING THEN
    INSERT INTO AUDIT_TABLE (USUARIO,TIPO,TABLA) VALUES (USER,'DELETE', table_name);
    
  ELSIF UPDATING THEN
    INSERT INTO AUDIT_TABLE (USUARIO,TIPO,TABLA) VALUES (USER,'UPDATE',  table_name);
  END IF;
END;
/
ALTER TRIGGER "UBD3707"."REGISTRO_AUDIT_INGRESO_EGRESO" ENABLE;
--------------------------------------------------------
--  DDL for Trigger REGISTRO_AUDIT_LIMPIADOR
--------------------------------------------------------

  CREATE OR REPLACE EDITIONABLE TRIGGER "UBD3707"."REGISTRO_AUDIT_LIMPIADOR" 
AFTER DELETE OR INSERT OR UPDATE ON LIMPIADOR
declare table_name varchar(30) := 'LIMPIADOR';
BEGIN
  IF INSERTING THEN
    INSERT INTO AUDIT_TABLE (USUARIO,TIPO,TABLA) VALUES (USER,'INSERT', table_name);
    
  ELSIF DELETING THEN
    INSERT INTO AUDIT_TABLE (USUARIO,TIPO,TABLA) VALUES (USER,'DELETE', table_name);
    
  ELSIF UPDATING THEN
    INSERT INTO AUDIT_TABLE (USUARIO,TIPO,TABLA) VALUES (USER,'UPDATE',  table_name);
  END IF;
END;
/
ALTER TRIGGER "UBD3707"."REGISTRO_AUDIT_LIMPIADOR" ENABLE;
--------------------------------------------------------
--  DDL for Trigger REGISTRO_AUDIT_MEDICO
--------------------------------------------------------

  CREATE OR REPLACE EDITIONABLE TRIGGER "UBD3707"."REGISTRO_AUDIT_MEDICO" 
AFTER DELETE OR INSERT OR UPDATE ON MEDICO
declare table_name varchar(30) := 'MEDICO';
BEGIN
  IF INSERTING THEN
    INSERT INTO AUDIT_TABLE (USUARIO,TIPO,TABLA) VALUES (USER,'INSERT', table_name);
    
  ELSIF DELETING THEN
    INSERT INTO AUDIT_TABLE (USUARIO,TIPO,TABLA) VALUES (USER,'DELETE', table_name);
    
  ELSIF UPDATING THEN
    INSERT INTO AUDIT_TABLE (USUARIO,TIPO,TABLA) VALUES (USER,'UPDATE',  table_name);
  END IF;
END;
/
ALTER TRIGGER "UBD3707"."REGISTRO_AUDIT_MEDICO" ENABLE;
--------------------------------------------------------
--  DDL for Trigger REGISTRO_AUDIT_MODULO
--------------------------------------------------------

  CREATE OR REPLACE EDITIONABLE TRIGGER "UBD3707"."REGISTRO_AUDIT_MODULO" 
AFTER DELETE OR INSERT OR UPDATE ON UBD3707.MODULO
declare table_name varchar(30) := 'MODULO';
BEGIN
  IF INSERTING THEN
    INSERT INTO AUDIT_TABLE (USUARIO,TIPO,TABLA) VALUES (USER,'INSERT', table_name);
    
  ELSIF DELETING THEN
    INSERT INTO AUDIT_TABLE (USUARIO,TIPO,TABLA) VALUES (USER,'DELETE', table_name);
    
  ELSIF UPDATING THEN
    INSERT INTO AUDIT_TABLE (USUARIO,TIPO,TABLA) VALUES (USER,'UPDATE',  table_name);
  END IF;
END;
/
ALTER TRIGGER "UBD3707"."REGISTRO_AUDIT_MODULO" ENABLE;
--------------------------------------------------------
--  DDL for Trigger REGISTRO_AUDIT_PERSONA
--------------------------------------------------------

  CREATE OR REPLACE EDITIONABLE TRIGGER "UBD3707"."REGISTRO_AUDIT_PERSONA" 
AFTER DELETE OR INSERT OR UPDATE ON PERSONA
declare table_name varchar(30) := 'PERSONA';
BEGIN
  IF INSERTING THEN
    INSERT INTO AUDIT_TABLE (USUARIO,TIPO,TABLA) VALUES (USER,'INSERT', table_name);
    
  ELSIF DELETING THEN
    INSERT INTO AUDIT_TABLE (USUARIO,TIPO,TABLA) VALUES (USER,'DELETE', table_name);
    
  ELSIF UPDATING THEN
    INSERT INTO AUDIT_TABLE (USUARIO,TIPO,TABLA) VALUES (USER,'UPDATE',  table_name);
  END IF;
END;
/
ALTER TRIGGER "UBD3707"."REGISTRO_AUDIT_PERSONA" ENABLE;
--------------------------------------------------------
--  DDL for Trigger REGISTRO_AUDIT_PRODUCTO
--------------------------------------------------------

  CREATE OR REPLACE EDITIONABLE TRIGGER "UBD3707"."REGISTRO_AUDIT_PRODUCTO" 
AFTER DELETE OR INSERT OR UPDATE ON PRODUCTO
declare table_name varchar(30) := 'PRODUCTO';
BEGIN
  IF INSERTING THEN
    INSERT INTO AUDIT_TABLE (USUARIO,TIPO,TABLA) VALUES (USER,'INSERT', table_name);
    
  ELSIF DELETING THEN
    INSERT INTO AUDIT_TABLE (USUARIO,TIPO,TABLA) VALUES (USER,'DELETE', table_name);
    
  ELSIF UPDATING THEN
    INSERT INTO AUDIT_TABLE (USUARIO,TIPO,TABLA) VALUES (USER,'UPDATE',  table_name);
  END IF;
END;
/
ALTER TRIGGER "UBD3707"."REGISTRO_AUDIT_PRODUCTO" ENABLE;
--------------------------------------------------------
--  DDL for Trigger REGISTRO_AUDIT_PROVEE_ECONOMATO
--------------------------------------------------------

  CREATE OR REPLACE EDITIONABLE TRIGGER "UBD3707"."REGISTRO_AUDIT_PROVEE_ECONOMATO" 
AFTER DELETE OR INSERT OR UPDATE ON PROVEE_ECONOMATO
declare table_name varchar(30) := 'PROVEE_ECONOMATO';
BEGIN
  IF INSERTING THEN
    INSERT INTO AUDIT_TABLE (USUARIO,TIPO,TABLA) VALUES (USER,'INSERT', table_name);
    
  ELSIF DELETING THEN
    INSERT INTO AUDIT_TABLE (USUARIO,TIPO,TABLA) VALUES (USER,'DELETE', table_name);
    
  ELSIF UPDATING THEN
    INSERT INTO AUDIT_TABLE (USUARIO,TIPO,TABLA) VALUES (USER,'UPDATE',  table_name);
  END IF;
END;
/
ALTER TRIGGER "UBD3707"."REGISTRO_AUDIT_PROVEE_ECONOMATO" ENABLE;
--------------------------------------------------------
--  DDL for Trigger REGISTRO_AUDIT_RECLUSO
--------------------------------------------------------

  CREATE OR REPLACE EDITIONABLE TRIGGER "UBD3707"."REGISTRO_AUDIT_RECLUSO" 
AFTER DELETE OR INSERT OR UPDATE ON RECLUSO
declare table_name varchar(30) := 'RECLUSO';
BEGIN
  IF INSERTING THEN
    INSERT INTO AUDIT_TABLE (USUARIO,TIPO,TABLA) VALUES (USER,'INSERT', table_name);
    
  ELSIF DELETING THEN
    INSERT INTO AUDIT_TABLE (USUARIO,TIPO,TABLA) VALUES (USER,'DELETE', table_name);
    
  ELSIF UPDATING THEN
    INSERT INTO AUDIT_TABLE (USUARIO,TIPO,TABLA) VALUES (USER,'UPDATE',  table_name);
  END IF;
END;
/
ALTER TRIGGER "UBD3707"."REGISTRO_AUDIT_RECLUSO" ENABLE;
--------------------------------------------------------
--  DDL for Trigger REGISTRO_AUDIT_RECLUSO_PERMISO_ZONA
--------------------------------------------------------

  CREATE OR REPLACE EDITIONABLE TRIGGER "UBD3707"."REGISTRO_AUDIT_RECLUSO_PERMISO_ZONA" 
AFTER DELETE OR INSERT OR UPDATE ON RECLUSO_PERMISO_ZONA
declare table_name varchar(30) := 'RECLUSO_PERMISO_ZONA';
BEGIN
  IF INSERTING THEN
    INSERT INTO AUDIT_TABLE (USUARIO,TIPO,TABLA) VALUES (USER,'INSERT', table_name);
    
  ELSIF DELETING THEN
    INSERT INTO AUDIT_TABLE (USUARIO,TIPO,TABLA) VALUES (USER,'DELETE', table_name);
    
  ELSIF UPDATING THEN
    INSERT INTO AUDIT_TABLE (USUARIO,TIPO,TABLA) VALUES (USER,'UPDATE',  table_name);
  END IF;
END;
/
ALTER TRIGGER "UBD3707"."REGISTRO_AUDIT_RECLUSO_PERMISO_ZONA" ENABLE;
--------------------------------------------------------
--  DDL for Trigger REGISTRO_AUDIT_SUBCONTRATA
--------------------------------------------------------

  CREATE OR REPLACE EDITIONABLE TRIGGER "UBD3707"."REGISTRO_AUDIT_SUBCONTRATA" 
AFTER DELETE OR INSERT OR UPDATE ON SUBCONTRATA
declare table_name varchar(30) := 'SUBCONTRATA';
BEGIN
  IF INSERTING THEN
    INSERT INTO AUDIT_TABLE (USUARIO,TIPO,TABLA) VALUES (USER,'INSERT', table_name);
    
  ELSIF DELETING THEN
    INSERT INTO AUDIT_TABLE (USUARIO,TIPO,TABLA) VALUES (USER,'DELETE', table_name);
    
  ELSIF UPDATING THEN
    INSERT INTO AUDIT_TABLE (USUARIO,TIPO,TABLA) VALUES (USER,'UPDATE',  table_name);
  END IF;
END;
/
ALTER TRIGGER "UBD3707"."REGISTRO_AUDIT_SUBCONTRATA" ENABLE;
--------------------------------------------------------
--  DDL for Trigger REGISTRO_AUDIT_SUBCONTRATA_VOLUNTARIO
--------------------------------------------------------

  CREATE OR REPLACE EDITIONABLE TRIGGER "UBD3707"."REGISTRO_AUDIT_SUBCONTRATA_VOLUNTARIO" 
AFTER DELETE OR INSERT OR UPDATE ON SUBCONTRATA_VOLUNTARIO
declare table_name varchar(30) := 'SUBCONTRATA_VOLUNTARIO';
BEGIN
  IF INSERTING THEN
    INSERT INTO AUDIT_TABLE (USUARIO,TIPO,TABLA) VALUES (USER,'INSERT', table_name);
    
  ELSIF DELETING THEN
    INSERT INTO AUDIT_TABLE (USUARIO,TIPO,TABLA) VALUES (USER,'DELETE', table_name);
    
  ELSIF UPDATING THEN
    INSERT INTO AUDIT_TABLE (USUARIO,TIPO,TABLA) VALUES (USER,'UPDATE',  table_name);
  END IF;
END;
/
ALTER TRIGGER "UBD3707"."REGISTRO_AUDIT_SUBCONTRATA_VOLUNTARIO" ENABLE;
--------------------------------------------------------
--  DDL for Trigger TIPO_DELITO_TRG
--------------------------------------------------------

  CREATE OR REPLACE EDITIONABLE TRIGGER "UBD3707"."TIPO_DELITO_TRG" 
BEFORE INSERT ON TIPO_DELITO 
FOR EACH ROW 
BEGIN
  <<COLUMN_SEQUENCES>>
  BEGIN
    IF INSERTING AND :NEW.ID IS NULL THEN
      SELECT TIPO_DELITO_SEQ.NEXTVAL INTO :NEW.ID FROM SYS.DUAL;
    END IF;
  END COLUMN_SEQUENCES;
END;
/
ALTER TRIGGER "UBD3707"."TIPO_DELITO_TRG" ENABLE;
--------------------------------------------------------
--  DDL for Trigger REGISTRO_AUDIT_TIPO_DELITO
--------------------------------------------------------

  CREATE OR REPLACE EDITIONABLE TRIGGER "UBD3707"."REGISTRO_AUDIT_TIPO_DELITO" 
AFTER DELETE OR INSERT OR UPDATE ON TIPO_DELITO
declare table_name varchar(30) := 'TIPO_DELITO';
BEGIN
  IF INSERTING THEN
    INSERT INTO AUDIT_TABLE (USUARIO,TIPO,TABLA) VALUES (USER,'INSERT', table_name);
    
  ELSIF DELETING THEN
    INSERT INTO AUDIT_TABLE (USUARIO,TIPO,TABLA) VALUES (USER,'DELETE', table_name);
    
  ELSIF UPDATING THEN
    INSERT INTO AUDIT_TABLE (USUARIO,TIPO,TABLA) VALUES (USER,'UPDATE',  table_name);
  END IF;
END;
/
ALTER TRIGGER "UBD3707"."REGISTRO_AUDIT_TIPO_DELITO" ENABLE;
--------------------------------------------------------
--  DDL for Trigger TURNO_TRG
--------------------------------------------------------

  CREATE OR REPLACE EDITIONABLE TRIGGER "UBD3707"."TURNO_TRG" 
BEFORE INSERT ON TURNO 
FOR EACH ROW 
BEGIN
  <<COLUMN_SEQUENCES>>
  BEGIN
    IF INSERTING AND :NEW.ID_TURNO IS NULL THEN
      SELECT TURNO_SEQ.NEXTVAL INTO :NEW.ID_TURNO FROM SYS.DUAL;
    END IF;
  END COLUMN_SEQUENCES;
END;
/
ALTER TRIGGER "UBD3707"."TURNO_TRG" ENABLE;
--------------------------------------------------------
--  DDL for Trigger REGISTRO_AUDIT_TURNO
--------------------------------------------------------

  CREATE OR REPLACE EDITIONABLE TRIGGER "UBD3707"."REGISTRO_AUDIT_TURNO" 
AFTER DELETE OR INSERT OR UPDATE ON TURNO
declare table_name varchar(30) := 'TURNO';
BEGIN
  IF INSERTING THEN
    INSERT INTO AUDIT_TABLE (USUARIO,TIPO,TABLA) VALUES (USER,'INSERT', table_name);
    
  ELSIF DELETING THEN
    INSERT INTO AUDIT_TABLE (USUARIO,TIPO,TABLA) VALUES (USER,'DELETE', table_name);
    
  ELSIF UPDATING THEN
    INSERT INTO AUDIT_TABLE (USUARIO,TIPO,TABLA) VALUES (USER,'UPDATE',  table_name);
  END IF;
END;
/
ALTER TRIGGER "UBD3707"."REGISTRO_AUDIT_TURNO" ENABLE;
--------------------------------------------------------
--  DDL for Trigger REGISTRO_AUDIT_VISITA
--------------------------------------------------------

  CREATE OR REPLACE EDITIONABLE TRIGGER "UBD3707"."REGISTRO_AUDIT_VISITA" 
AFTER DELETE OR INSERT OR UPDATE ON VISITA
declare table_name varchar(30) := 'VISITA';
BEGIN
  IF INSERTING THEN
    INSERT INTO AUDIT_TABLE (USUARIO,TIPO,TABLA) VALUES (USER,'INSERT', table_name);
    
  ELSIF DELETING THEN
    INSERT INTO AUDIT_TABLE (USUARIO,TIPO,TABLA) VALUES (USER,'DELETE', table_name);
    
  ELSIF UPDATING THEN
    INSERT INTO AUDIT_TABLE (USUARIO,TIPO,TABLA) VALUES (USER,'UPDATE',  table_name);
  END IF;
END;
/
ALTER TRIGGER "UBD3707"."REGISTRO_AUDIT_VISITA" ENABLE;
--------------------------------------------------------
--  DDL for Trigger REGISTRO_AUDIT_VISITANTE
--------------------------------------------------------

  CREATE OR REPLACE EDITIONABLE TRIGGER "UBD3707"."REGISTRO_AUDIT_VISITANTE" 
AFTER DELETE OR INSERT OR UPDATE ON VISITANTE
declare table_name varchar(30) := 'VISITANTE';
BEGIN
  IF INSERTING THEN
    INSERT INTO AUDIT_TABLE (USUARIO,TIPO,TABLA) VALUES (USER,'INSERT', table_name);
    
  ELSIF DELETING THEN
    INSERT INTO AUDIT_TABLE (USUARIO,TIPO,TABLA) VALUES (USER,'DELETE', table_name);
    
  ELSIF UPDATING THEN
    INSERT INTO AUDIT_TABLE (USUARIO,TIPO,TABLA) VALUES (USER,'UPDATE',  table_name);
  END IF;
END;
/
ALTER TRIGGER "UBD3707"."REGISTRO_AUDIT_VISITANTE" ENABLE;
--------------------------------------------------------
--  Constraints for Table ZONA_ACTIVIDADES
--------------------------------------------------------

  ALTER TABLE "UBD3707"."ZONA_ACTIVIDADES" MODIFY ("ID_ZONA" NOT NULL ENABLE);
  ALTER TABLE "UBD3707"."ZONA_ACTIVIDADES" MODIFY ("COD_CARCEL" NOT NULL ENABLE);
  ALTER TABLE "UBD3707"."ZONA_ACTIVIDADES" MODIFY ("AFORO_MAX" NOT NULL ENABLE);
  ALTER TABLE "UBD3707"."ZONA_ACTIVIDADES" MODIFY ("TIPO" NOT NULL ENABLE);
  ALTER TABLE "UBD3707"."ZONA_ACTIVIDADES" ADD CONSTRAINT "ZONA_ACTIVIDADES_PK" PRIMARY KEY ("ID_ZONA")
  USING INDEX PCTFREE 10 INITRANS 2 MAXTRANS 255 COMPUTE STATISTICS 
  STORAGE(INITIAL 65536 NEXT 1048576 MINEXTENTS 1 MAXEXTENTS 2147483645
  PCTINCREASE 0 FREELISTS 1 FREELIST GROUPS 1
  BUFFER_POOL DEFAULT FLASH_CACHE DEFAULT CELL_FLASH_CACHE DEFAULT)
  TABLESPACE "TS_ALUMNOS"  ENABLE;
--------------------------------------------------------
--  Constraints for Table AUDIT_TABLE
--------------------------------------------------------

  ALTER TABLE "UBD3707"."AUDIT_TABLE" MODIFY ("ID" NOT NULL ENABLE);
  ALTER TABLE "UBD3707"."AUDIT_TABLE" MODIFY ("USUARIO" NOT NULL ENABLE);
  ALTER TABLE "UBD3707"."AUDIT_TABLE" MODIFY ("TIPO" NOT NULL ENABLE);
  ALTER TABLE "UBD3707"."AUDIT_TABLE" MODIFY ("TABLA" NOT NULL ENABLE);
  ALTER TABLE "UBD3707"."AUDIT_TABLE" ADD CONSTRAINT "TABLE1_PK" PRIMARY KEY ("ID")
  USING INDEX PCTFREE 10 INITRANS 2 MAXTRANS 255 COMPUTE STATISTICS 
  STORAGE(INITIAL 65536 NEXT 1048576 MINEXTENTS 1 MAXEXTENTS 2147483645
  PCTINCREASE 0 FREELISTS 1 FREELIST GROUPS 1
  BUFFER_POOL DEFAULT FLASH_CACHE DEFAULT CELL_FLASH_CACHE DEFAULT)
  TABLESPACE "TS_ALUMNOS"  ENABLE;
--------------------------------------------------------
--  Constraints for Table CARCEL
--------------------------------------------------------

  ALTER TABLE "UBD3707"."CARCEL" ADD CONSTRAINT "CARCEL_PK" PRIMARY KEY ("COD_CARCEL")
  USING INDEX PCTFREE 10 INITRANS 2 MAXTRANS 255 COMPUTE STATISTICS 
  STORAGE(INITIAL 65536 NEXT 1048576 MINEXTENTS 1 MAXEXTENTS 2147483645
  PCTINCREASE 0 FREELISTS 1 FREELIST GROUPS 1
  BUFFER_POOL DEFAULT FLASH_CACHE DEFAULT CELL_FLASH_CACHE DEFAULT)
  TABLESPACE "TS_ALUMNOS"  ENABLE;
  ALTER TABLE "UBD3707"."CARCEL" MODIFY ("COD_CARCEL" NOT NULL ENABLE);
  ALTER TABLE "UBD3707"."CARCEL" MODIFY ("NOMBRE" NOT NULL ENABLE);
  ALTER TABLE "UBD3707"."CARCEL" MODIFY ("EMAIL" NOT NULL ENABLE);
  ALTER TABLE "UBD3707"."CARCEL" MODIFY ("TELEFONO" NOT NULL ENABLE);
  ALTER TABLE "UBD3707"."CARCEL" MODIFY ("DIRECCION" NOT NULL ENABLE);
--------------------------------------------------------
--  Constraints for Table CELDA
--------------------------------------------------------

  ALTER TABLE "UBD3707"."CELDA" ADD CONSTRAINT "CELDA_PK" PRIMARY KEY ("ID_CELDA")
  USING INDEX PCTFREE 10 INITRANS 2 MAXTRANS 255 COMPUTE STATISTICS 
  STORAGE(INITIAL 65536 NEXT 1048576 MINEXTENTS 1 MAXEXTENTS 2147483645
  PCTINCREASE 0 FREELISTS 1 FREELIST GROUPS 1
  BUFFER_POOL DEFAULT FLASH_CACHE DEFAULT CELL_FLASH_CACHE DEFAULT)
  TABLESPACE "TS_ALUMNOS"  ENABLE;
  ALTER TABLE "UBD3707"."CELDA" MODIFY ("OCUPANTES_MAX" NOT NULL ENABLE);
  ALTER TABLE "UBD3707"."CELDA" MODIFY ("ID_CELDA" NOT NULL ENABLE);
  ALTER TABLE "UBD3707"."CELDA" MODIFY ("PLANTA" NOT NULL ENABLE);
  ALTER TABLE "UBD3707"."CELDA" MODIFY ("ID_MODULO" NOT NULL ENABLE);
--------------------------------------------------------
--  Constraints for Table COCINERO
--------------------------------------------------------

  ALTER TABLE "UBD3707"."COCINERO" ADD CONSTRAINT "COCINERO_PK" PRIMARY KEY ("NIF")
  USING INDEX PCTFREE 10 INITRANS 2 MAXTRANS 255 COMPUTE STATISTICS 
  STORAGE(INITIAL 65536 NEXT 1048576 MINEXTENTS 1 MAXEXTENTS 2147483645
  PCTINCREASE 0 FREELISTS 1 FREELIST GROUPS 1
  BUFFER_POOL DEFAULT FLASH_CACHE DEFAULT CELL_FLASH_CACHE DEFAULT)
  TABLESPACE "TS_ALUMNOS"  ENABLE;
  ALTER TABLE "UBD3707"."COCINERO" MODIFY ("NIF" NOT NULL ENABLE);
--------------------------------------------------------
--  Constraints for Table COMPRA
--------------------------------------------------------

  ALTER TABLE "UBD3707"."COMPRA" ADD CONSTRAINT "COMPRA_PK" PRIMARY KEY ("RECLUSO_NIF", "ID_PRODUCTO", "COD_COMPRA")
  USING INDEX PCTFREE 10 INITRANS 2 MAXTRANS 255 COMPUTE STATISTICS 
  STORAGE(INITIAL 65536 NEXT 1048576 MINEXTENTS 1 MAXEXTENTS 2147483645
  PCTINCREASE 0 FREELISTS 1 FREELIST GROUPS 1
  BUFFER_POOL DEFAULT FLASH_CACHE DEFAULT CELL_FLASH_CACHE DEFAULT)
  TABLESPACE "TS_ALUMNOS"  ENABLE;
  ALTER TABLE "UBD3707"."COMPRA" MODIFY ("RECLUSO_NIF" NOT NULL ENABLE);
  ALTER TABLE "UBD3707"."COMPRA" MODIFY ("ID_PRODUCTO" NOT NULL ENABLE);
  ALTER TABLE "UBD3707"."COMPRA" MODIFY ("FECHA_DE_COMPRA" NOT NULL ENABLE);
  ALTER TABLE "UBD3707"."COMPRA" MODIFY ("CANTIDAD" NOT NULL ENABLE);
  ALTER TABLE "UBD3707"."COMPRA" MODIFY ("COD_COMPRA" NOT NULL ENABLE);
--------------------------------------------------------
--  Constraints for Table DELITOS
--------------------------------------------------------

  ALTER TABLE "UBD3707"."DELITOS" ADD CONSTRAINT "DELITOS_PK" PRIMARY KEY ("NIF", "TIPO_DELITO", "ID")
  USING INDEX PCTFREE 10 INITRANS 2 MAXTRANS 255 COMPUTE STATISTICS 
  STORAGE(INITIAL 65536 NEXT 1048576 MINEXTENTS 1 MAXEXTENTS 2147483645
  PCTINCREASE 0 FREELISTS 1 FREELIST GROUPS 1
  BUFFER_POOL DEFAULT FLASH_CACHE DEFAULT CELL_FLASH_CACHE DEFAULT)
  TABLESPACE "TS_ALUMNOS"  ENABLE;
  ALTER TABLE "UBD3707"."DELITOS" MODIFY ("NIF" NOT NULL ENABLE);
  ALTER TABLE "UBD3707"."DELITOS" MODIFY ("TIPO_DELITO" NOT NULL ENABLE);
  ALTER TABLE "UBD3707"."DELITOS" MODIFY ("ID" NOT NULL ENABLE);
  ALTER TABLE "UBD3707"."DELITOS" MODIFY ("FECHA_DELITO" NOT NULL ENABLE);
--------------------------------------------------------
--  Constraints for Table ECONOMATO
--------------------------------------------------------

  ALTER TABLE "UBD3707"."ECONOMATO" ADD CONSTRAINT "ECONOMATO_PK" PRIMARY KEY ("COD_CARCEL")
  USING INDEX PCTFREE 10 INITRANS 2 MAXTRANS 255 COMPUTE STATISTICS 
  STORAGE(INITIAL 65536 NEXT 1048576 MINEXTENTS 1 MAXEXTENTS 2147483645
  PCTINCREASE 0 FREELISTS 1 FREELIST GROUPS 1
  BUFFER_POOL DEFAULT FLASH_CACHE DEFAULT CELL_FLASH_CACHE DEFAULT)
  TABLESPACE "TS_ALUMNOS"  ENABLE;
  ALTER TABLE "UBD3707"."ECONOMATO" MODIFY ("COD_CARCEL" NOT NULL ENABLE);
--------------------------------------------------------
--  Constraints for Table EMPLEADO
--------------------------------------------------------

  ALTER TABLE "UBD3707"."EMPLEADO" ADD CONSTRAINT "EMPLEADO_PK" PRIMARY KEY ("NIF")
  USING INDEX PCTFREE 10 INITRANS 2 MAXTRANS 255 COMPUTE STATISTICS 
  STORAGE(INITIAL 65536 NEXT 1048576 MINEXTENTS 1 MAXEXTENTS 2147483645
  PCTINCREASE 0 FREELISTS 1 FREELIST GROUPS 1
  BUFFER_POOL DEFAULT FLASH_CACHE DEFAULT CELL_FLASH_CACHE DEFAULT)
  TABLESPACE "TS_ALUMNOS"  ENABLE;
  ALTER TABLE "UBD3707"."EMPLEADO" MODIFY ("TELEFONO" NOT NULL ENABLE);
  ALTER TABLE "UBD3707"."EMPLEADO" MODIFY ("EUROS_HORA" NOT NULL ENABLE);
  ALTER TABLE "UBD3707"."EMPLEADO" MODIFY ("EUROS_HORAS_NOCHE" NOT NULL ENABLE);
  ALTER TABLE "UBD3707"."EMPLEADO" MODIFY ("COD_CARCEL" NOT NULL ENABLE);
  ALTER TABLE "UBD3707"."EMPLEADO" MODIFY ("FECHA_CONTRATACION" NOT NULL ENABLE);
  ALTER TABLE "UBD3707"."EMPLEADO" MODIFY ("NIF" NOT NULL ENABLE);
--------------------------------------------------------
--  Constraints for Table EMPRESA_EXTERNA
--------------------------------------------------------

  ALTER TABLE "UBD3707"."EMPRESA_EXTERNA" ADD CONSTRAINT "EMPRESA_EXTERNA_PK" PRIMARY KEY ("CIF")
  USING INDEX PCTFREE 10 INITRANS 2 MAXTRANS 255 COMPUTE STATISTICS 
  STORAGE(INITIAL 65536 NEXT 1048576 MINEXTENTS 1 MAXEXTENTS 2147483645
  PCTINCREASE 0 FREELISTS 1 FREELIST GROUPS 1
  BUFFER_POOL DEFAULT FLASH_CACHE DEFAULT CELL_FLASH_CACHE DEFAULT)
  TABLESPACE "TS_ALUMNOS"  ENABLE;
  ALTER TABLE "UBD3707"."EMPRESA_EXTERNA" MODIFY ("CIF" NOT NULL ENABLE);
  ALTER TABLE "UBD3707"."EMPRESA_EXTERNA" MODIFY ("NOMBRE" NOT NULL ENABLE);
--------------------------------------------------------
--  Constraints for Table GUARDIA
--------------------------------------------------------

  ALTER TABLE "UBD3707"."GUARDIA" ADD CONSTRAINT "GUARDIA_NUM_PLACA_UK" UNIQUE ("NUM_PLACA")
  USING INDEX PCTFREE 10 INITRANS 2 MAXTRANS 255 COMPUTE STATISTICS 
  STORAGE(INITIAL 65536 NEXT 1048576 MINEXTENTS 1 MAXEXTENTS 2147483645
  PCTINCREASE 0 FREELISTS 1 FREELIST GROUPS 1
  BUFFER_POOL DEFAULT FLASH_CACHE DEFAULT CELL_FLASH_CACHE DEFAULT)
  TABLESPACE "TS_ALUMNOS"  ENABLE;
  ALTER TABLE "UBD3707"."GUARDIA" ADD CONSTRAINT "GUARDIA_PK" PRIMARY KEY ("NIF")
  USING INDEX PCTFREE 10 INITRANS 2 MAXTRANS 255 COMPUTE STATISTICS 
  STORAGE(INITIAL 65536 NEXT 1048576 MINEXTENTS 1 MAXEXTENTS 2147483645
  PCTINCREASE 0 FREELISTS 1 FREELIST GROUPS 1
  BUFFER_POOL DEFAULT FLASH_CACHE DEFAULT CELL_FLASH_CACHE DEFAULT)
  TABLESPACE "TS_ALUMNOS"  ENABLE;
  ALTER TABLE "UBD3707"."GUARDIA" MODIFY ("NIF" NOT NULL ENABLE);
  ALTER TABLE "UBD3707"."GUARDIA" MODIFY ("NUM_PLACA" NOT NULL ENABLE);
--------------------------------------------------------
--  Constraints for Table INGRESO_EGRESO
--------------------------------------------------------

  ALTER TABLE "UBD3707"."INGRESO_EGRESO" ADD CONSTRAINT "INGRESO_EGRESO_PK" PRIMARY KEY ("NIF", "COD_CARCEL", "FECHA_ENTRADA")
  USING INDEX PCTFREE 10 INITRANS 2 MAXTRANS 255 COMPUTE STATISTICS 
  STORAGE(INITIAL 65536 NEXT 1048576 MINEXTENTS 1 MAXEXTENTS 2147483645
  PCTINCREASE 0 FREELISTS 1 FREELIST GROUPS 1
  BUFFER_POOL DEFAULT FLASH_CACHE DEFAULT CELL_FLASH_CACHE DEFAULT)
  TABLESPACE "TS_ALUMNOS"  ENABLE;
  ALTER TABLE "UBD3707"."INGRESO_EGRESO" MODIFY ("NIF" NOT NULL ENABLE);
  ALTER TABLE "UBD3707"."INGRESO_EGRESO" MODIFY ("COD_CARCEL" NOT NULL ENABLE);
  ALTER TABLE "UBD3707"."INGRESO_EGRESO" MODIFY ("FECHA_ENTRADA" NOT NULL ENABLE);
--------------------------------------------------------
--  Constraints for Table LIMPIADOR
--------------------------------------------------------

  ALTER TABLE "UBD3707"."LIMPIADOR" ADD CONSTRAINT "LIMPIADOR_PK" PRIMARY KEY ("NIF")
  USING INDEX PCTFREE 10 INITRANS 2 MAXTRANS 255 COMPUTE STATISTICS 
  STORAGE(INITIAL 65536 NEXT 1048576 MINEXTENTS 1 MAXEXTENTS 2147483645
  PCTINCREASE 0 FREELISTS 1 FREELIST GROUPS 1
  BUFFER_POOL DEFAULT FLASH_CACHE DEFAULT CELL_FLASH_CACHE DEFAULT)
  TABLESPACE "TS_ALUMNOS"  ENABLE;
  ALTER TABLE "UBD3707"."LIMPIADOR" MODIFY ("NIF" NOT NULL ENABLE);
--------------------------------------------------------
--  Constraints for Table MEDICO
--------------------------------------------------------

  ALTER TABLE "UBD3707"."MEDICO" ADD CONSTRAINT "MEDICO_PK" PRIMARY KEY ("NUM_COLEGIADO_MEDICO", "NIF")
  USING INDEX PCTFREE 10 INITRANS 2 MAXTRANS 255 COMPUTE STATISTICS 
  STORAGE(INITIAL 65536 NEXT 1048576 MINEXTENTS 1 MAXEXTENTS 2147483645
  PCTINCREASE 0 FREELISTS 1 FREELIST GROUPS 1
  BUFFER_POOL DEFAULT FLASH_CACHE DEFAULT CELL_FLASH_CACHE DEFAULT)
  TABLESPACE "TS_ALUMNOS"  ENABLE;
  ALTER TABLE "UBD3707"."MEDICO" MODIFY ("NUM_COLEGIADO_MEDICO" NOT NULL ENABLE);
  ALTER TABLE "UBD3707"."MEDICO" MODIFY ("NIF" NOT NULL ENABLE);
--------------------------------------------------------
--  Constraints for Table MODULO
--------------------------------------------------------

  ALTER TABLE "UBD3707"."MODULO" ADD CONSTRAINT "MODULO_PK" PRIMARY KEY ("ID_MODULO")
  USING INDEX PCTFREE 10 INITRANS 2 MAXTRANS 255 COMPUTE STATISTICS 
  STORAGE(INITIAL 65536 NEXT 1048576 MINEXTENTS 1 MAXEXTENTS 2147483645
  PCTINCREASE 0 FREELISTS 1 FREELIST GROUPS 1
  BUFFER_POOL DEFAULT FLASH_CACHE DEFAULT CELL_FLASH_CACHE DEFAULT)
  TABLESPACE "TS_ALUMNOS"  ENABLE;
  ALTER TABLE "UBD3707"."MODULO" MODIFY ("ID_MODULO" NOT NULL ENABLE);
  ALTER TABLE "UBD3707"."MODULO" MODIFY ("COD_CARCEL" NOT NULL ENABLE);
  ALTER TABLE "UBD3707"."MODULO" MODIFY ("TIPO_MODULO" NOT NULL ENABLE);
--------------------------------------------------------
--  Constraints for Table PERSONA
--------------------------------------------------------

  ALTER TABLE "UBD3707"."PERSONA" ADD CONSTRAINT "PERSONA_NUM_SS_UN" UNIQUE ("NUM_SS")
  USING INDEX PCTFREE 10 INITRANS 2 MAXTRANS 255 COMPUTE STATISTICS 
  STORAGE(INITIAL 65536 NEXT 1048576 MINEXTENTS 1 MAXEXTENTS 2147483645
  PCTINCREASE 0 FREELISTS 1 FREELIST GROUPS 1
  BUFFER_POOL DEFAULT FLASH_CACHE DEFAULT CELL_FLASH_CACHE DEFAULT)
  TABLESPACE "TS_ALUMNOS"  ENABLE;
  ALTER TABLE "UBD3707"."PERSONA" ADD CONSTRAINT "PERSONA_PK" PRIMARY KEY ("NIF")
  USING INDEX PCTFREE 10 INITRANS 2 MAXTRANS 255 COMPUTE STATISTICS 
  STORAGE(INITIAL 65536 NEXT 1048576 MINEXTENTS 1 MAXEXTENTS 2147483645
  PCTINCREASE 0 FREELISTS 1 FREELIST GROUPS 1
  BUFFER_POOL DEFAULT FLASH_CACHE DEFAULT CELL_FLASH_CACHE DEFAULT)
  TABLESPACE "TS_ALUMNOS"  ENABLE;
  ALTER TABLE "UBD3707"."PERSONA" MODIFY ("NIF" NOT NULL ENABLE);
  ALTER TABLE "UBD3707"."PERSONA" MODIFY ("NOMBRE" NOT NULL ENABLE);
  ALTER TABLE "UBD3707"."PERSONA" MODIFY ("APELLIDOS" NOT NULL ENABLE);
  ALTER TABLE "UBD3707"."PERSONA" MODIFY ("FECHA_NACIMIENTO" NOT NULL ENABLE);
--------------------------------------------------------
--  Constraints for Table PRODUCTO
--------------------------------------------------------

  ALTER TABLE "UBD3707"."PRODUCTO" ADD CONSTRAINT "PRODUCTO_PK" PRIMARY KEY ("ID_PRODUCTO")
  USING INDEX PCTFREE 10 INITRANS 2 MAXTRANS 255 COMPUTE STATISTICS 
  STORAGE(INITIAL 65536 NEXT 1048576 MINEXTENTS 1 MAXEXTENTS 2147483645
  PCTINCREASE 0 FREELISTS 1 FREELIST GROUPS 1
  BUFFER_POOL DEFAULT FLASH_CACHE DEFAULT CELL_FLASH_CACHE DEFAULT)
  TABLESPACE "TS_ALUMNOS"  ENABLE;
  ALTER TABLE "UBD3707"."PRODUCTO" MODIFY ("ID_PRODUCTO" NOT NULL ENABLE);
  ALTER TABLE "UBD3707"."PRODUCTO" MODIFY ("PRECIO" NOT NULL ENABLE);
  ALTER TABLE "UBD3707"."PRODUCTO" MODIFY ("NOMBRE" NOT NULL ENABLE);
  ALTER TABLE "UBD3707"."PRODUCTO" MODIFY ("STOCK" NOT NULL ENABLE);
  ALTER TABLE "UBD3707"."PRODUCTO" MODIFY ("ID_ECONOMATO" NOT NULL ENABLE);
--------------------------------------------------------
--  Constraints for Table PROVEE_ECONOMATO
--------------------------------------------------------

  ALTER TABLE "UBD3707"."PROVEE_ECONOMATO" ADD CONSTRAINT "PROVEE_ECONOMATO_PK" PRIMARY KEY ("CIF", "ID_ECONOMATO")
  USING INDEX PCTFREE 10 INITRANS 2 MAXTRANS 255 COMPUTE STATISTICS 
  STORAGE(INITIAL 65536 NEXT 1048576 MINEXTENTS 1 MAXEXTENTS 2147483645
  PCTINCREASE 0 FREELISTS 1 FREELIST GROUPS 1
  BUFFER_POOL DEFAULT FLASH_CACHE DEFAULT CELL_FLASH_CACHE DEFAULT)
  TABLESPACE "TS_ALUMNOS"  ENABLE;
  ALTER TABLE "UBD3707"."PROVEE_ECONOMATO" MODIFY ("CIF" NOT NULL ENABLE);
  ALTER TABLE "UBD3707"."PROVEE_ECONOMATO" MODIFY ("ID_ECONOMATO" NOT NULL ENABLE);
--------------------------------------------------------
--  Constraints for Table RECLUSO
--------------------------------------------------------

  ALTER TABLE "UBD3707"."RECLUSO" ADD CONSTRAINT "RECLUSO_NIS_UN" UNIQUE ("NIS")
  USING INDEX PCTFREE 10 INITRANS 2 MAXTRANS 255 COMPUTE STATISTICS 
  STORAGE(INITIAL 65536 NEXT 1048576 MINEXTENTS 1 MAXEXTENTS 2147483645
  PCTINCREASE 0 FREELISTS 1 FREELIST GROUPS 1
  BUFFER_POOL DEFAULT FLASH_CACHE DEFAULT CELL_FLASH_CACHE DEFAULT)
  TABLESPACE "TS_ALUMNOS"  ENABLE;
  ALTER TABLE "UBD3707"."RECLUSO" ADD CONSTRAINT "RECLUSO_PK" PRIMARY KEY ("NIF")
  USING INDEX PCTFREE 10 INITRANS 2 MAXTRANS 255 COMPUTE STATISTICS 
  STORAGE(INITIAL 65536 NEXT 1048576 MINEXTENTS 1 MAXEXTENTS 2147483645
  PCTINCREASE 0 FREELISTS 1 FREELIST GROUPS 1
  BUFFER_POOL DEFAULT FLASH_CACHE DEFAULT CELL_FLASH_CACHE DEFAULT)
  TABLESPACE "TS_ALUMNOS"  ENABLE;
  ALTER TABLE "UBD3707"."RECLUSO" MODIFY ("NIF" NOT NULL ENABLE);
  ALTER TABLE "UBD3707"."RECLUSO" MODIFY ("NIS" NOT NULL ENABLE);
  ALTER TABLE "UBD3707"."RECLUSO" MODIFY ("ID_CELDA" NOT NULL ENABLE);
--------------------------------------------------------
--  Constraints for Table RECLUSO_PERMISO_ZONA
--------------------------------------------------------

  ALTER TABLE "UBD3707"."RECLUSO_PERMISO_ZONA" ADD CONSTRAINT "RECLUSO_PERMISO_ZONA_PK" PRIMARY KEY ("RECLUSO_NIF", "ID_ZONA")
  USING INDEX PCTFREE 10 INITRANS 2 MAXTRANS 255 COMPUTE STATISTICS 
  STORAGE(INITIAL 65536 NEXT 1048576 MINEXTENTS 1 MAXEXTENTS 2147483645
  PCTINCREASE 0 FREELISTS 1 FREELIST GROUPS 1
  BUFFER_POOL DEFAULT FLASH_CACHE DEFAULT CELL_FLASH_CACHE DEFAULT)
  TABLESPACE "TS_ALUMNOS"  ENABLE;
  ALTER TABLE "UBD3707"."RECLUSO_PERMISO_ZONA" MODIFY ("RECLUSO_NIF" NOT NULL ENABLE);
  ALTER TABLE "UBD3707"."RECLUSO_PERMISO_ZONA" MODIFY ("ID_ZONA" NOT NULL ENABLE);
--------------------------------------------------------
--  Constraints for Table SUBCONTRATA
--------------------------------------------------------

  ALTER TABLE "UBD3707"."SUBCONTRATA" ADD CONSTRAINT "SUBCONTRATA_PK" PRIMARY KEY ("NIF")
  USING INDEX PCTFREE 10 INITRANS 2 MAXTRANS 255 COMPUTE STATISTICS 
  STORAGE(INITIAL 65536 NEXT 1048576 MINEXTENTS 1 MAXEXTENTS 2147483645
  PCTINCREASE 0 FREELISTS 1 FREELIST GROUPS 1
  BUFFER_POOL DEFAULT FLASH_CACHE DEFAULT CELL_FLASH_CACHE DEFAULT)
  TABLESPACE "TS_ALUMNOS"  ENABLE;
  ALTER TABLE "UBD3707"."SUBCONTRATA" MODIFY ("CIF_EMPRESA_EXTERNA" NOT NULL ENABLE);
  ALTER TABLE "UBD3707"."SUBCONTRATA" MODIFY ("NIF" NOT NULL ENABLE);
--------------------------------------------------------
--  Constraints for Table SUBCONTRATA_VOLUNTARIO
--------------------------------------------------------

  ALTER TABLE "UBD3707"."SUBCONTRATA_VOLUNTARIO" ADD CONSTRAINT "SUBCONTRATA_VOLUNTARIO_PK" PRIMARY KEY ("NIF")
  USING INDEX (CREATE UNIQUE INDEX "UBD3707"."SUBCONTRATA_EMPLEADO_PK" ON "UBD3707"."SUBCONTRATA_VOLUNTARIO" ("NIF") 
  PCTFREE 10 INITRANS 2 MAXTRANS 255 COMPUTE STATISTICS 
  STORAGE(INITIAL 65536 NEXT 1048576 MINEXTENTS 1 MAXEXTENTS 2147483645
  PCTINCREASE 0 FREELISTS 1 FREELIST GROUPS 1
  BUFFER_POOL DEFAULT FLASH_CACHE DEFAULT CELL_FLASH_CACHE DEFAULT)
  TABLESPACE "TS_ALUMNOS" )  ENABLE;
  ALTER TABLE "UBD3707"."SUBCONTRATA_VOLUNTARIO" MODIFY ("NIF" NOT NULL ENABLE);
--------------------------------------------------------
--  Constraints for Table TIPO_DELITO
--------------------------------------------------------

  ALTER TABLE "UBD3707"."TIPO_DELITO" MODIFY ("ID" NOT NULL ENABLE);
  ALTER TABLE "UBD3707"."TIPO_DELITO" MODIFY ("NOMBRE" NOT NULL ENABLE);
  ALTER TABLE "UBD3707"."TIPO_DELITO" ADD CONSTRAINT "TIPO_DELITO_PK" PRIMARY KEY ("ID")
  USING INDEX PCTFREE 10 INITRANS 2 MAXTRANS 255 COMPUTE STATISTICS 
  STORAGE(INITIAL 65536 NEXT 1048576 MINEXTENTS 1 MAXEXTENTS 2147483645
  PCTINCREASE 0 FREELISTS 1 FREELIST GROUPS 1
  BUFFER_POOL DEFAULT FLASH_CACHE DEFAULT CELL_FLASH_CACHE DEFAULT)
  TABLESPACE "TS_ALUMNOS"  ENABLE;
--------------------------------------------------------
--  Constraints for Table TURNO
--------------------------------------------------------

  ALTER TABLE "UBD3707"."TURNO" MODIFY ("ID_TURNO" NOT NULL ENABLE);
  ALTER TABLE "UBD3707"."TURNO" MODIFY ("ENTRADA" NOT NULL ENABLE);
  ALTER TABLE "UBD3707"."TURNO" MODIFY ("NIF" NOT NULL ENABLE);
  ALTER TABLE "UBD3707"."TURNO" ADD CONSTRAINT "TURNO_PK" PRIMARY KEY ("ID_TURNO")
  USING INDEX PCTFREE 10 INITRANS 2 MAXTRANS 255 COMPUTE STATISTICS 
  STORAGE(INITIAL 65536 NEXT 1048576 MINEXTENTS 1 MAXEXTENTS 2147483645
  PCTINCREASE 0 FREELISTS 1 FREELIST GROUPS 1
  BUFFER_POOL DEFAULT FLASH_CACHE DEFAULT CELL_FLASH_CACHE DEFAULT)
  TABLESPACE "TS_ALUMNOS"  ENABLE;
--------------------------------------------------------
--  Constraints for Table VISITA
--------------------------------------------------------

  ALTER TABLE "UBD3707"."VISITA" MODIFY ("NIF_RECLUSO" NOT NULL ENABLE);
  ALTER TABLE "UBD3707"."VISITA" MODIFY ("NIF_VISITANTE" NOT NULL ENABLE);
  ALTER TABLE "UBD3707"."VISITA" MODIFY ("FECHA_HORA_VISITA" NOT NULL ENABLE);
  ALTER TABLE "UBD3707"."VISITA" ADD CONSTRAINT "VISITA_PK" PRIMARY KEY ("NIF_RECLUSO", "NIF_VISITANTE", "FECHA_HORA_VISITA")
  USING INDEX PCTFREE 10 INITRANS 2 MAXTRANS 255 COMPUTE STATISTICS 
  STORAGE(INITIAL 65536 NEXT 1048576 MINEXTENTS 1 MAXEXTENTS 2147483645
  PCTINCREASE 0 FREELISTS 1 FREELIST GROUPS 1
  BUFFER_POOL DEFAULT FLASH_CACHE DEFAULT CELL_FLASH_CACHE DEFAULT)
  TABLESPACE "TS_ALUMNOS"  ENABLE;
--------------------------------------------------------
--  Constraints for Table VISITANTE
--------------------------------------------------------

  ALTER TABLE "UBD3707"."VISITANTE" MODIFY ("NIF" NOT NULL ENABLE);
  ALTER TABLE "UBD3707"."VISITANTE" ADD CONSTRAINT "VISITANTE_PK" PRIMARY KEY ("NIF")
  USING INDEX PCTFREE 10 INITRANS 2 MAXTRANS 255 COMPUTE STATISTICS 
  STORAGE(INITIAL 65536 NEXT 1048576 MINEXTENTS 1 MAXEXTENTS 2147483645
  PCTINCREASE 0 FREELISTS 1 FREELIST GROUPS 1
  BUFFER_POOL DEFAULT FLASH_CACHE DEFAULT CELL_FLASH_CACHE DEFAULT)
  TABLESPACE "TS_ALUMNOS"  ENABLE;
--------------------------------------------------------
--  Ref Constraints for Table ZONA_ACTIVIDADES
--------------------------------------------------------

  ALTER TABLE "UBD3707"."ZONA_ACTIVIDADES" ADD CONSTRAINT "ZONA_ACTIVIDADES_CARCEL_FK" FOREIGN KEY ("COD_CARCEL")
	  REFERENCES "UBD3707"."CARCEL" ("COD_CARCEL") ENABLE;
--------------------------------------------------------
--  Ref Constraints for Table CELDA
--------------------------------------------------------

  ALTER TABLE "UBD3707"."CELDA" ADD CONSTRAINT "CELDA_MODULO_FK" FOREIGN KEY ("ID_MODULO")
	  REFERENCES "UBD3707"."MODULO" ("ID_MODULO") ENABLE;
--------------------------------------------------------
--  Ref Constraints for Table COCINERO
--------------------------------------------------------

  ALTER TABLE "UBD3707"."COCINERO" ADD CONSTRAINT "COCINERO_SUB_EMPLEADO_FK" FOREIGN KEY ("NIF")
	  REFERENCES "UBD3707"."SUBCONTRATA_VOLUNTARIO" ("NIF") ENABLE;
--------------------------------------------------------
--  Ref Constraints for Table COMPRA
--------------------------------------------------------

  ALTER TABLE "UBD3707"."COMPRA" ADD CONSTRAINT "COMPRA_PRODUCTO_FK" FOREIGN KEY ("ID_PRODUCTO")
	  REFERENCES "UBD3707"."PRODUCTO" ("ID_PRODUCTO") ENABLE;
  ALTER TABLE "UBD3707"."COMPRA" ADD CONSTRAINT "COMPRA_RECLUSO_FK" FOREIGN KEY ("RECLUSO_NIF")
	  REFERENCES "UBD3707"."RECLUSO" ("NIF") ENABLE;
--------------------------------------------------------
--  Ref Constraints for Table DELITOS
--------------------------------------------------------

  ALTER TABLE "UBD3707"."DELITOS" ADD CONSTRAINT "DELITOS_REC_FK" FOREIGN KEY ("NIF")
	  REFERENCES "UBD3707"."RECLUSO" ("NIF") ENABLE;
  ALTER TABLE "UBD3707"."DELITOS" ADD CONSTRAINT "DELITOS_TIPO_DEL_FK" FOREIGN KEY ("TIPO_DELITO")
	  REFERENCES "UBD3707"."TIPO_DELITO" ("ID") ENABLE;
--------------------------------------------------------
--  Ref Constraints for Table ECONOMATO
--------------------------------------------------------

  ALTER TABLE "UBD3707"."ECONOMATO" ADD CONSTRAINT "ECONOMATO_CARCEL_FK" FOREIGN KEY ("COD_CARCEL")
	  REFERENCES "UBD3707"."CARCEL" ("COD_CARCEL") ENABLE;
--------------------------------------------------------
--  Ref Constraints for Table EMPLEADO
--------------------------------------------------------

  ALTER TABLE "UBD3707"."EMPLEADO" ADD CONSTRAINT "EMPLEADO_CARCEL_FK" FOREIGN KEY ("COD_CARCEL")
	  REFERENCES "UBD3707"."CARCEL" ("COD_CARCEL") ENABLE;
  ALTER TABLE "UBD3707"."EMPLEADO" ADD CONSTRAINT "EMPLEADO_EMPLEADO_FK" FOREIGN KEY ("DIRIGIDO_POR")
	  REFERENCES "UBD3707"."EMPLEADO" ("NIF") ENABLE;
  ALTER TABLE "UBD3707"."EMPLEADO" ADD CONSTRAINT "EMPLEADO_PERSONA_FK" FOREIGN KEY ("NIF")
	  REFERENCES "UBD3707"."PERSONA" ("NIF") ENABLE;
--------------------------------------------------------
--  Ref Constraints for Table GUARDIA
--------------------------------------------------------

  ALTER TABLE "UBD3707"."GUARDIA" ADD CONSTRAINT "GUARDIA_EMPLEADO_FK" FOREIGN KEY ("NIF")
	  REFERENCES "UBD3707"."EMPLEADO" ("NIF") ENABLE;
--------------------------------------------------------
--  Ref Constraints for Table INGRESO_EGRESO
--------------------------------------------------------

  ALTER TABLE "UBD3707"."INGRESO_EGRESO" ADD CONSTRAINT "ING_EGR_CARCEL_FK" FOREIGN KEY ("COD_CARCEL")
	  REFERENCES "UBD3707"."CARCEL" ("COD_CARCEL") ENABLE;
  ALTER TABLE "UBD3707"."INGRESO_EGRESO" ADD CONSTRAINT "ING_EGR_RECLUSO_FK" FOREIGN KEY ("NIF")
	  REFERENCES "UBD3707"."RECLUSO" ("NIF") ENABLE;
--------------------------------------------------------
--  Ref Constraints for Table LIMPIADOR
--------------------------------------------------------

  ALTER TABLE "UBD3707"."LIMPIADOR" ADD CONSTRAINT "LIMPIADOR_SUB_EMPLEADO_FK" FOREIGN KEY ("NIF")
	  REFERENCES "UBD3707"."SUBCONTRATA_VOLUNTARIO" ("NIF") ENABLE;
--------------------------------------------------------
--  Ref Constraints for Table MEDICO
--------------------------------------------------------

  ALTER TABLE "UBD3707"."MEDICO" ADD CONSTRAINT "MEDICO_EMPLEADO_FK" FOREIGN KEY ("NIF")
	  REFERENCES "UBD3707"."EMPLEADO" ("NIF") ENABLE;
--------------------------------------------------------
--  Ref Constraints for Table MODULO
--------------------------------------------------------

  ALTER TABLE "UBD3707"."MODULO" ADD CONSTRAINT "MODULO_CARCEL_FK" FOREIGN KEY ("COD_CARCEL")
	  REFERENCES "UBD3707"."CARCEL" ("COD_CARCEL") ENABLE;
--------------------------------------------------------
--  Ref Constraints for Table PRODUCTO
--------------------------------------------------------

  ALTER TABLE "UBD3707"."PRODUCTO" ADD CONSTRAINT "PRODUCTO_ECONOMATO_FK" FOREIGN KEY ("ID_ECONOMATO")
	  REFERENCES "UBD3707"."ECONOMATO" ("COD_CARCEL") ENABLE;
--------------------------------------------------------
--  Ref Constraints for Table PROVEE_ECONOMATO
--------------------------------------------------------

  ALTER TABLE "UBD3707"."PROVEE_ECONOMATO" ADD CONSTRAINT "PROVEE_ECONOMATO_ECONOMATO_FK" FOREIGN KEY ("ID_ECONOMATO")
	  REFERENCES "UBD3707"."ECONOMATO" ("COD_CARCEL") ENABLE;
  ALTER TABLE "UBD3707"."PROVEE_ECONOMATO" ADD CONSTRAINT "PROVE_ECON_EMP_EXTERNA_FK" FOREIGN KEY ("CIF")
	  REFERENCES "UBD3707"."EMPRESA_EXTERNA" ("CIF") ENABLE;
--------------------------------------------------------
--  Ref Constraints for Table RECLUSO
--------------------------------------------------------

  ALTER TABLE "UBD3707"."RECLUSO" ADD CONSTRAINT "RECLUSO_CELDA_FK" FOREIGN KEY ("ID_CELDA")
	  REFERENCES "UBD3707"."CELDA" ("ID_CELDA") ENABLE;
  ALTER TABLE "UBD3707"."RECLUSO" ADD CONSTRAINT "RECLUSO_PERSONA_FK" FOREIGN KEY ("NIF")
	  REFERENCES "UBD3707"."PERSONA" ("NIF") ENABLE;
--------------------------------------------------------
--  Ref Constraints for Table RECLUSO_PERMISO_ZONA
--------------------------------------------------------

  ALTER TABLE "UBD3707"."RECLUSO_PERMISO_ZONA" ADD CONSTRAINT "RECL_PERM_ZONA_ACTIV_FK" FOREIGN KEY ("ID_ZONA")
	  REFERENCES "UBD3707"."ZONA_ACTIVIDADES" ("ID_ZONA") ENABLE;
  ALTER TABLE "UBD3707"."RECLUSO_PERMISO_ZONA" ADD CONSTRAINT "RECL_PERM_ZONA_RECL_FK" FOREIGN KEY ("RECLUSO_NIF")
	  REFERENCES "UBD3707"."RECLUSO" ("NIF") ENABLE;
--------------------------------------------------------
--  Ref Constraints for Table SUBCONTRATA
--------------------------------------------------------

  ALTER TABLE "UBD3707"."SUBCONTRATA" ADD CONSTRAINT "SUBCONTRATA_EMPLEADO_FK" FOREIGN KEY ("NIF")
	  REFERENCES "UBD3707"."EMPLEADO" ("NIF") ENABLE;
  ALTER TABLE "UBD3707"."SUBCONTRATA" ADD CONSTRAINT "SUBCONTRATA_EMPRESA_EXTERNA_FK" FOREIGN KEY ("CIF_EMPRESA_EXTERNA")
	  REFERENCES "UBD3707"."EMPRESA_EXTERNA" ("CIF") ENABLE;
--------------------------------------------------------
--  Ref Constraints for Table TURNO
--------------------------------------------------------

  ALTER TABLE "UBD3707"."TURNO" ADD CONSTRAINT "TURNO_EMPLEADO_FK" FOREIGN KEY ("NIF")
	  REFERENCES "UBD3707"."EMPLEADO" ("NIF") ENABLE;
--------------------------------------------------------
--  Ref Constraints for Table VISITA
--------------------------------------------------------

  ALTER TABLE "UBD3707"."VISITA" ADD CONSTRAINT "VISITA_RECLUSO_FK" FOREIGN KEY ("NIF_RECLUSO")
	  REFERENCES "UBD3707"."RECLUSO" ("NIF") ENABLE;
  ALTER TABLE "UBD3707"."VISITA" ADD CONSTRAINT "VISITA_VISITANTE_FK" FOREIGN KEY ("NIF_VISITANTE")
	  REFERENCES "UBD3707"."VISITANTE" ("NIF") ENABLE;
--------------------------------------------------------
--  Ref Constraints for Table VISITANTE
--------------------------------------------------------

  ALTER TABLE "UBD3707"."VISITANTE" ADD CONSTRAINT "VISITANTE_PERSONA_FK" FOREIGN KEY ("NIF")
	  REFERENCES "UBD3707"."PERSONA" ("NIF") ENABLE;
